-- phpMyAdmin SQL Dump
-- version 5.1.1
-- https://www.phpmyadmin.net/
--
-- Host: 127.0.0.1:3306
-- Generation Time: Sep 13, 2022 at 05:46 PM
-- Server version: 5.7.36
-- PHP Version: 7.4.26

SET SQL_MODE = "NO_AUTO_VALUE_ON_ZERO";
START TRANSACTION;
SET time_zone = "+00:00";


/*!40101 SET @OLD_CHARACTER_SET_CLIENT=@@CHARACTER_SET_CLIENT */;
/*!40101 SET @OLD_CHARACTER_SET_RESULTS=@@CHARACTER_SET_RESULTS */;
/*!40101 SET @OLD_COLLATION_CONNECTION=@@COLLATION_CONNECTION */;
/*!40101 SET NAMES utf8mb4 */;

--
-- Database: `ourdb`
--

-- --------------------------------------------------------

--
-- Table structure for table `covid_log`
--

DROP TABLE IF EXISTS `covid_log`;
CREATE TABLE IF NOT EXISTS `covid_log` (
  `id` int(11) NOT NULL AUTO_INCREMENT,
  `user_id` int(11) NOT NULL,
  `test_date` datetime NOT NULL,
  PRIMARY KEY (`id`)
) ENGINE=MyISAM AUTO_INCREMENT=10 DEFAULT CHARSET=utf8 COLLATE=utf8_unicode_ci;

--
-- Dumping data for table `covid_log`
--

INSERT INTO `covid_log` (`id`, `user_id`, `test_date`) VALUES
(1, 2, '2022-07-05 11:52:00'),
(2, 7, '2022-07-18 10:25:00'),
(3, 8, '2022-07-14 13:56:00'),
(4, 9, '2022-07-18 13:09:00'),
(5, 11, '2022-07-08 10:40:00'),
(6, 12, '2022-09-12 11:00:00'),
(7, 13, '2022-07-26 11:53:00'),
(8, 14, '2022-07-05 11:20:00'),
(9, 15, '2022-07-12 14:45:00');

-- --------------------------------------------------------

--
-- Table structure for table `poi`
--

DROP TABLE IF EXISTS `poi`;
CREATE TABLE IF NOT EXISTS `poi` (
  `id` varchar(255) COLLATE utf8_unicode_ci NOT NULL,
  `name` varchar(255) COLLATE utf8_unicode_ci NOT NULL,
  `address` text COLLATE utf8_unicode_ci NOT NULL,
  `types` text COLLATE utf8_unicode_ci NOT NULL,
  `coords` text COLLATE utf8_unicode_ci NOT NULL,
  `rating` float NOT NULL,
  `rating_n` float NOT NULL,
  `populartimes` text COLLATE utf8_unicode_ci NOT NULL,
  `current_popularity` int(11) NOT NULL DEFAULT '0',
  PRIMARY KEY (`id`)
) ENGINE=MyISAM DEFAULT CHARSET=utf8 COLLATE=utf8_unicode_ci;

--
-- Dumping data for table `poi`
--

INSERT INTO `poi` (`id`, `name`, `address`, `types`, `coords`, `rating`, `rating_n`, `populartimes`, `current_popularity`) VALUES
('ChIJ4bvbRlU3XhMRizrDqc9I6fU', 'Flocafe', 'Akti Dimeon 17, Patra', 'cafe,food,point_of_interest,establishment,chain_store', '38.2376827,21.7259359', 4.1, 246, '0,0,0,0,0,0,0,0,19,43,56,47,31,23,21,18,16,17,24,30,31,23,13,5,0,0,0,0,0,0,0,0,19,44,59,49,25,14,19,29,28,16,13,29,44,25,5,0,0,0,0,0,0,0,0,0,12,21,32,36,33,24,16,12,15,22,30,33,29,20,11,5,0,0,0,0,0,0,0,0,17,31,21,27,28,24,18,16,20,30,37,39,33,21,11,4,0,0,0,0,0,0,0,0,16,28,39,47,46,37,25,15,7,7,16,30,41,38,23,9,0,0,0,0,0,0,0,0,7,16,22,33,66,100,90,46,14,9,29,61,70,45,16,2,0,0,0,0,0,0,0,0,0,0,29,49,56,45,27,17,25,47,67,73,59,36,0,0', 0),
('ChIJ7SdGoCg2XhMRGcnVpa4dU0g', 'Petite Boutique', 'Akti Dimeon 18, Patra', 'cafe,restaurant,food,point_of_interest,establishment', '38.236791,21.7259139', 4.4, 413, '0,0,0,0,0,0,0,0,0,0,4,4,8,9,0,0,0,4,11,20,25,22,13,0,0,0,0,0,0,0,0,0,0,0,1,2,2,2,0,0,0,4,12,21,23,16,7,0,0,0,0,0,0,0,0,0,0,0,12,12,11,8,0,0,0,13,22,25,20,11,4,0,0,0,0,0,0,0,0,0,0,0,8,11,12,10,0,0,0,17,25,33,32,20,7,0,0,0,0,0,0,0,0,0,0,0,6,8,7,4,0,0,0,12,23,35,40,32,16,0,0,0,0,0,0,0,0,0,0,0,4,7,11,14,18,22,28,39,56,69,67,49,27,0,0,0,0,0,0,0,0,0,0,0,13,24,34,39,37,29,25,41,77,100,78,36,9,0', 0),
('ChIJkRhinSg2XhMRipOQ12_hPzI', 'Libido', 'Akti Dimeon 17, Patra', 'cafe,food,point_of_interest,establishment', '38.2377123,21.7259415', 4.5, 569, '0,0,0,0,0,0,0,0,15,17,13,15,15,11,6,3,2,6,14,24,31,28,19,9,0,0,0,0,0,0,0,0,6,12,17,19,16,11,6,2,1,4,11,24,35,36,26,13,0,0,0,0,0,0,0,0,8,14,18,19,16,11,6,3,4,10,23,40,51,50,38,21,0,0,0,0,0,0,0,0,9,14,17,21,20,13,6,3,4,10,20,33,42,43,35,22,0,0,0,0,0,0,0,0,9,13,17,18,16,10,5,2,3,9,20,37,52,56,46,30,0,0,0,0,0,0,0,0,3,7,12,17,18,16,13,11,15,27,46,68,85,89,79,58,0,0,0,0,0,0,0,0,1,6,25,52,62,41,16,5,10,34,73,100,89,58,32,18', 0),
('ChIJ7f_lJyY2XhMRnOqNQJfMj3g', 'Goodys Burger House', 'Akti Dimeon 17, Patra', 'restaurant,food,point_of_interest,establishment,chain_store', '38.2379767,21.7259916', 4.2, 546, '0,0,0,0,0,0,0,0,0,0,0,0,41,68,82,72,54,57,83,100,78,38,10,1,0,0,0,0,0,0,0,0,0,0,0,0,49,74,77,57,38,44,73,93,78,41,12,1,0,0,0,0,0,0,0,0,0,0,0,0,47,65,69,58,44,47,71,86,65,29,6,1,0,0,0,0,0,0,0,0,0,0,0,0,42,61,61,49,44,54,69,73,62,40,20,6,0,0,0,0,0,0,0,0,0,0,0,0,38,62,65,49,41,52,73,84,74,50,24,7,0,0,0,0,0,0,0,0,0,0,0,0,52,81,93,84,66,62,70,72,63,49,33,16,0,0,0,0,0,0,0,0,0,0,0,0,9,16,20,17,14,15,25,37,41,31,16,4', 23),
('ChIJOfXygiQ2XhMRZmdy1DIIEg4', '\"Η Καλή\" Καρβελά Καλιρρόη', 'Σολωμού κ Δελφων 32Πάτρα, Patra', 'convenience_store,grocery_or_supermarket,food,point_of_interest,store,establishment', '38.2315032,21.7296407', 4.7, 43, '0,0,0,0,0,0,0,10,27,55,87,100,85,61,46,40,40,40,38,36,31,25,0,0,0,0,0,0,0,0,0,25,38,53,59,61,55,48,51,57,51,34,29,38,36,17,0,0,0,0,0,0,0,0,0,8,80,51,29,38,38,29,25,25,34,44,51,51,44,31,0,0,0,0,0,0,0,0,0,14,36,63,80,76,57,38,29,27,27,29,27,25,23,19,0,0,0,0,0,0,0,0,0,14,21,25,27,27,25,23,21,23,27,36,40,38,29,19,0,0,0,0,0,0,0,0,0,8,14,23,34,42,48,48,44,36,31,29,29,29,27,19,0,0,0,0,0,0,0,0,0,0,0,0,0,0,0,0,0,0,0,0,0,0,0,0,0,0', 0),
('ChIJu-vWGU03XhMRQPtHWoqT688', 'Φούρνος Δημητρόπουλος', 'Skoufa 11, Patra', 'bakery,food,point_of_interest,store,establishment', '38.2324067,21.730495', 4.6, 11, '0,0,0,0,0,0,14,42,46,25,27,44,53,51,35,18,9,14,42,77,77,0,0,0,0,0,0,0,0,0,12,24,33,44,59,68,62,42,22,9,5,14,40,62,53,0,0,0,0,0,0,0,0,0,12,25,38,46,46,42,38,31,20,14,16,22,31,38,40,0,0,0,0,0,0,0,0,0,14,27,46,61,70,68,55,38,22,12,11,16,27,37,35,0,0,0,0,0,0,0,0,0,7,24,42,50,44,48,42,20,5,5,12,27,44,57,59,0,0,0,0,0,0,0,0,0,5,12,25,42,55,61,55,42,27,16,12,18,31,44,53,0,0,0,0,0,0,0,0,0,11,22,40,66,92,100,85,59,37,22,16,18,35,59,61,0,0,0', 0),
('ChIJU9lb5SQ2XhMRC-mT4k-qJ5I', 'DIVINE CAFE', 'Delfon 30, Patra', 'cafe,food,point_of_interest,establishment', '38.2315713,21.7293953', 4.5, 24, '16,0,0,0,0,0,15,22,28,33,37,37,33,30,27,27,30,35,40,42,42,37,28,20,13,0,0,0,0,0,8,16,30,45,54,54,45,33,28,28,33,40,45,47,44,35,27,18,11,0,0,0,0,0,15,23,33,44,49,50,45,38,30,25,27,35,45,54,55,49,37,23,13,0,0,0,0,0,16,27,37,47,50,47,40,32,27,28,35,45,55,59,55,45,30,18,10,0,0,0,0,0,11,23,37,47,49,44,37,32,33,37,40,40,44,49,52,50,40,27,13,0,0,0,0,0,6,15,28,47,69,88,100,100,88,72,57,47,40,38,37,33,28,22,16,0,0,0,0,0,3,6,10,13,23,49,54,27,11,11,20,28,37,44,44,40,33,25', 0),
('ChIJVzAMZC82XhMRbhndkrdgnck', 'Ena Cash And Carry', 'Akti Dimeon 28, Patra', 'supermarket,grocery_or_supermarket,food,point_of_interest,store,establishment', '38.2346426,21.7252919', 4.2, 69, '0,0,0,0,0,0,0,0,0,69,84,83,70,58,54,53,51,46,40,31,23,0,0,0,0,0,0,0,0,0,0,0,0,47,59,73,80,77,66,50,36,33,43,52,40,0,0,0,0,0,0,0,0,0,0,0,0,62,79,88,85,74,61,55,53,53,49,38,25,0,0,0,0,0,0,0,0,0,0,0,0,56,67,72,68,61,53,49,47,44,38,28,18,0,0,0,0,0,0,0,0,0,0,0,0,66,59,66,76,81,74,59,46,41,42,41,29,0,0,0,0,0,0,0,0,0,0,0,0,100,93,79,68,63,54,42,37,45,49,33,12,0,0,0,0,0,0,0,0,0,0,0,0,0,0,0,0,0,0,0,0,0,0,0,0,0,0,0', 0),
('ChIJUb5ZXC82XhMRXaOkeHvXc_Y', 'Lazaridis, J., Ltd', 'Akti Dimeon 35, Patra', 'car_repair,point_of_interest,store,establishment', '38.233859,21.7251125', 4.9, 282, '0,0,0,0,0,0,0,0,20,61,100,95,67,53,50,46,36,26,0,0,0,0,0,0,0,0,0,0,0,0,0,0,23,53,81,84,61,41,40,52,60,55,0,0,0,0,0,0,0,0,0,0,0,0,0,0,24,41,55,66,72,70,64,52,38,27,0,0,0,0,0,0,0,0,0,0,0,0,0,0,23,52,76,75,52,36,44,55,50,30,0,0,0,0,0,0,0,0,0,0,0,0,0,0,23,40,56,67,69,63,55,47,40,32,0,0,0,0,0,0,0,0,0,0,0,0,0,0,38,66,89,96,86,61,35,0,0,0,0,0,0,0,0,0,0,0,0,0,0,0,0,0,0,0,0,0,0,0,0,0,0,0,0,0,0,0,0,0', 0),
('ChIJGyYZay82XhMRYIH_uvIjIH8', 'Patras South Park - Notio Parko Patras', 'Akti Dimeon 28, Patra', 'park,tourist_attraction,point_of_interest,establishment', '38.234853,21.7243963', 4.5, 2085, '1,1,1,1,1,1,1,2,6,11,16,18,17,13,9,8,13,26,43,54,52,37,19,6,1,1,1,1,1,1,1,1,4,8,12,15,15,14,11,10,13,23,38,49,47,34,17,4,1,1,1,1,1,1,0,4,10,17,23,26,24,19,13,10,15,29,48,60,56,38,19,6,1,1,1,1,1,1,1,3,8,14,20,24,25,22,17,13,17,33,53,63,53,29,9,1,1,1,1,1,1,1,1,1,5,10,15,17,17,15,11,10,14,26,42,54,54,46,36,27,19,10,3,1,2,1,1,1,5,14,25,33,37,36,33,31,35,44,58,75,91,100,98,86,67,45,26,11,1,1,1,0,6,19,39,56,59,48,34,31,44,65,79,77,58,34,15,4', 6),
('ChIJ71wmUS82XhMRKso4jVV3SaI', 'Coffeebox Str', 'Akti Dimeon 27, Patra', 'cafe,food,point_of_interest,establishment', '38.2349755,21.7253238', 4.3, 124, '0,0,0,0,0,0,0,11,36,58,59,60,61,47,25,11,8,10,13,15,15,12,0,0,0,0,0,0,0,0,0,17,32,47,56,55,45,29,16,7,6,10,18,22,19,11,0,0,0,0,0,0,0,0,0,11,64,92,52,43,40,31,19,8,4,8,24,38,34,17,0,0,0,0,0,0,0,0,0,13,44,70,63,46,48,39,19,10,11,16,18,18,17,12,0,0,0,0,0,0,0,0,0,23,70,100,65,34,30,31,31,29,24,20,15,10,7,4,0,0,0,0,0,0,0,0,0,2,5,13,24,33,33,26,16,8,6,7,9,11,10,8,0,0,0,0,0,0,0,0,0,0,5,18,23,12,8,7,6,7,11,16,18,16,11,7,0,0', 0),
('ChIJD_GT-iQ2XhMRbFWExhIn4sI', 'butcher Cacoyannis', 'Solomous 148, Patra', 'food,point_of_interest,store,establishment', '38.2317336,21.7293462', 5, 30, '0,0,0,0,0,0,0,7,15,24,33,38,38,32,24,0,0,0,0,0,0,0,0,0,0,0,0,0,0,0,0,4,10,22,36,46,43,31,16,0,0,16,30,31,20,0,0,0,0,0,0,0,0,0,0,11,17,24,31,36,40,37,27,0,0,0,0,0,0,0,0,0,0,0,0,0,0,0,0,16,35,51,51,36,26,31,30,0,0,22,26,24,15,0,0,0,0,0,0,0,0,0,0,6,13,21,31,55,32,22,16,0,0,15,15,13,10,0,0,0,0,0,0,0,0,0,0,4,15,40,57,52,100,95,22,12,11,0,0,0,0,0,0,0,0,0,0,0,0,0,0,0,0,0,0,0,0,0,0,0,0,0,0,0,0,0,0,0', 0),
('ChIJ0YP89yw3XhMRu0_gcptybS4', 'GroupTime Fitness', 'Akti Dimeon 35, Patra', 'gym,health,point_of_interest,establishment', '38.2338052,21.725142', 5, 92, '0,0,0,0,0,0,0,0,0,7,37,34,24,0,0,0,0,16,52,96,100,59,19,0,0,0,0,0,0,0,0,0,0,16,30,30,16,0,0,0,0,14,41,74,83,56,24,0,0,0,0,0,0,0,0,0,0,10,18,24,22,0,0,0,0,32,68,94,81,44,16,0,0,0,0,0,0,0,0,0,0,16,26,29,19,0,0,0,0,14,34,57,61,43,19,0,0,0,0,0,0,0,0,0,0,8,18,23,16,0,0,0,0,7,39,83,71,25,3,0,0,0,0,0,0,0,0,0,0,7,16,25,27,0,0,0,0,0,0,0,0,0,0,0,0,0,0,0,0,0,0,0,0,0,0,0,0,0,0,0,0,0,0,0,0,0,0,0', 0),
('ChIJTyCVWvA3XhMRnNgdFRaTWE8', 'Κωτσόπουλος \"Ευθυγραμισεις\"', 'Dimitriou Maximou 6, Patra', 'car_repair,point_of_interest,establishment', '38.2343356,21.7257251', 4.9, 162, '0,0,0,0,0,0,0,0,37,61,74,71,69,72,69,50,0,0,0,0,0,0,0,0,0,0,0,0,0,0,0,0,48,98,100,79,79,80,67,45,0,0,0,0,0,0,0,0,0,0,0,0,0,0,0,0,20,41,64,75,77,80,77,56,0,0,0,0,0,0,0,0,0,0,0,0,0,0,0,0,16,40,71,88,77,58,66,72,0,0,0,0,0,0,0,0,0,0,0,0,0,0,0,0,29,46,65,79,86,82,71,54,0,0,0,0,0,0,0,0,0,0,0,0,0,0,0,0,22,59,72,75,93,0,0,0,0,0,0,0,0,0,0,0,0,0,0,0,0,0,0,0,0,0,0,0,0,0,0,0,0,0,0,0,0,0,0,0', 47),
('ChIJHz0GwiY2XhMRl8CM130I0qw', 'CyberArena Internet Cafe', 'Solomous 72-76, Patra', 'point_of_interest,establishment', '38.2361853,21.7301181', 4.7, 124, '13,8,2,2,2,2,2,10,27,45,59,64,62,48,37,29,27,29,32,32,29,24,18,10,5,2,2,2,2,2,2,2,13,37,64,81,78,59,35,16,8,10,16,16,10,2,2,2,2,2,2,2,2,2,2,2,2,40,78,100,91,62,27,5,2,16,32,45,45,35,16,2,2,2,21,10,2,2,2,2,2,29,37,37,51,70,75,67,48,35,27,27,29,32,32,29,21,13,2,2,2,2,2,2,35,94,97,56,40,45,51,45,35,21,13,10,8,5,2,2,2,2,2,2,2,2,2,2,2,2,29,45,51,59,54,32,10,5,8,10,13,13,10,5,2,2,2,2,2,2,2,2,2,2,2,10,18,27,32,35,35,35,35,32,29,27,24,18', 60),
('ChIJB9uOmYM3XhMRcG8fh_Xmz7o', 'Car wash elefante', 'Solomous 86, Patra', 'car_wash,point_of_interest,establishment', '38.2348172,21.7298984', 4.1, 17, '0,0,0,0,0,0,0,0,10,15,25,30,35,40,40,35,30,0,20,15,10,0,0,0,0,0,0,0,0,0,0,0,15,35,45,40,30,70,25,0,10,15,15,10,10,0,0,0,0,0,0,0,0,0,0,0,20,30,35,30,25,60,100,35,30,40,40,35,30,0,0,0,0,0,0,0,0,0,0,0,0,0,0,0,0,0,0,0,0,0,0,0,0,0,0,0,0,0,0,0,0,0,0,0,10,20,35,50,50,35,20,0,10,25,50,40,25,0,0,0,0,0,0,0,0,0,0,0,5,10,0,10,15,40,50,20,15,10,10,10,20,0,0,0,0,0,0,0,0,0,0,0,0,0,0,0,0,0,0,0,0,0,0,0,0,0,0,0', 0),
('ChIJW42MUT03XhMRGUH6OjHcTac', 'Didachos Bros - Auto', 'Dimitriou Maximou 54, Patra', 'car_repair,point_of_interest,establishment', '38.2340806,21.7296291', 4.9, 68, '0,0,0,0,0,0,0,15,40,75,100,100,84,75,75,78,73,61,0,0,0,0,0,0,0,0,0,0,0,0,0,0,0,0,0,0,0,0,0,0,0,0,0,0,0,0,0,0,0,0,0,0,0,0,0,15,44,81,100,87,76,81,92,92,76,56,0,0,0,0,0,0,0,0,0,0,0,0,0,16,46,78,78,64,66,75,83,84,80,69,0,0,0,0,0,0,0,0,0,0,0,0,0,15,36,67,76,66,61,66,69,67,63,53,0,0,0,0,0,0,0,0,0,0,0,0,0,13,23,32,43,52,56,56,52,43,0,0,0,0,0,0,0,0,0,0,0,0,0,0,0,0,0,0,0,0,0,0,0,0,0,0,0,0,0,0,0,0', 0),
('ChIJJU-orzo2XhMRWpzclnuGfzw', 'Φραγκάκης ΟΕ', 'Souniou 119, Patra', 'liquor_store,food,point_of_interest,store,establishment', '38.2299034,21.7262048', 5, 7, '0,0,0,0,0,0,0,0,0,51,80,61,44,61,76,72,51,0,0,0,0,0,0,0,0,0,0,0,0,0,0,0,0,74,72,46,57,80,89,74,46,0,0,0,0,0,0,0,0,0,0,0,0,0,0,0,0,65,80,59,72,82,82,72,55,0,0,0,0,0,0,0,0,0,0,0,0,0,0,0,0,63,72,34,53,80,89,68,36,0,0,0,0,0,0,0,0,0,0,0,0,0,0,0,0,72,100,51,57,78,74,48,74,0,0,0,0,0,0,0,0,0,0,0,0,0,0,0,0,55,76,59,48,55,72,91,85,0,0,0,0,0,0,0,0,0,0,0,0,0,0,0,0,0,0,0,0,0,0,0,0,0,0,0,0,0,0,0', 0),
('ChIJfdC04No3XhMR8JrkZLvazh4', 'AlfaEstiasi', 'Selefkias 14, Patra', 'shopping_mall,furniture_store,home_goods_store,food,point_of_interest,store,establishment', '38.2294601,21.7306008', 5, 3, '0,0,0,0,0,0,0,0,0,18,36,59,68,63,50,45,63,63,40,27,22,0,0,0,0,0,0,0,0,0,0,0,0,18,50,81,95,77,59,50,54,63,68,59,40,0,0,0,0,0,0,0,0,0,0,0,0,27,68,100,95,63,36,36,54,63,50,31,13,0,0,0,0,0,0,0,0,0,0,0,0,18,40,72,86,72,45,36,54,81,95,77,45,0,0,0,0,0,0,0,0,0,0,0,0,22,45,72,81,63,40,22,22,36,54,54,40,0,0,0,0,0,0,0,0,0,0,0,0,18,45,59,50,40,40,0,0,0,0,0,0,0,0,0,0,0,0,0,0,0,0,0,0,0,0,0,0,0,0,0,0,0,0,0,0,0,0,0', 0),
('ChIJMQP6EbU3XhMRBtsPNWT_DiQ', 'liberis ψωμι-καφες-γλυκο', 'Alexandrou Papanastasiou 16, Patra', 'cafe,food,point_of_interest,establishment', '38.2303443,21.7279804', 4.5, 24, '0,0,0,0,0,6,17,36,60,73,78,89,100,82,45,21,19,26,36,45,47,45,36,0,0,0,0,0,0,15,23,32,39,47,58,69,76,71,54,32,21,23,43,60,60,41,19,0,0,0,0,0,0,10,21,39,58,78,91,91,78,58,39,26,23,30,45,54,54,41,23,0,0,0,0,0,0,13,21,30,41,50,56,56,54,45,36,28,23,23,28,34,36,30,19,0,0,0,0,0,0,10,13,19,34,54,76,86,82,63,41,28,26,36,56,67,56,36,19,0,0,0,0,0,0,10,15,19,28,39,54,67,71,65,50,39,34,36,43,50,52,47,39,0,0,0,0,0,0,8,10,17,32,56,80,86,71,45,26,17,21,39,58,60,43,23,13,0', 0),
('ChIJRb9uAz43XhMRexZ2BgsH0cs', 'Paris house 2', 'Selefkias 11, Patra', 'lodging,point_of_interest,establishment', '38.2297166,21.7302191', 3.5, 2, '61,50,50,55,77,77,83,83,77,66,50,33,27,27,38,55,77,83,83,72,61,55,61,66,72,72,77,72,72,88,100,100,94,83,72,66,61,61,61,61,55,55,50,38,33,27,22,22,22,27,38,55,55,44,38,33,33,61,94,77,38,22,27,33,38,44,50,55,61,66,72,72,72,66,66,61,77,77,77,72,72,72,66,66,61,55,44,38,38,44,50,61,61,55,44,44,44,55,61,72,61,61,61,55,55,50,50,44,44,38,38,38,38,38,38,44,44,50,50,55,55,61,61,61,66,77,83,88,77,66,50,44,50,55,55,55,50,50,50,55,61,72,77,77,72,66,61,61,66,72,83,83,83,83,72,61,55,55,66,66,50,44,50,66,83,88,83,72', 0),
('ChIJ5-bc-wc3XhMRtRMtoIpDJDw', 'Paris house 1', 'Selefkias 11, Patra', 'lodging,point_of_interest,establishment', '38.2297166,21.7302191', 4, 1, '46,46,46,38,38,30,23,15,15,7,15,23,30,23,15,7,15,30,53,69,61,53,46,46,53,53,53,46,53,46,38,30,23,15,7,7,7,7,7,15,15,23,23,30,30,30,30,38,38,46,46,53,30,38,38,38,23,15,7,0,7,76,7,7,7,15,15,15,0,15,15,15,15,15,23,23,46,30,15,7,0,7,7,15,23,30,23,15,15,30,61,76,69,69,76,84,92,92,76,61,53,76,92,100,92,69,46,23,15,0,0,0,15,46,61,30,7,7,0,7,7,15,23,30,23,30,38,46,53,53,46,38,23,15,15,15,15,23,23,30,30,38,30,30,23,23,15,15,30,30,30,30,46,53,53,38,23,0,7,7,0,0,15,23,30,38,38,46', 0),
('ChIJYdZBLCY2XhMRZRAQwVO1aEg', 'JUMBO', 'Akti Dimeon 17, Patra', 'point_of_interest,store,establishment', '38.2373882,21.7263741', 4.1, 1960, '0,0,0,0,0,0,0,0,0,0,34,46,52,49,40,33,39,56,71,66,44,0,0,0,0,0,0,0,0,0,0,0,0,0,0,0,0,0,0,0,0,0,0,0,0,0,0,0,0,0,0,0,0,0,0,0,0,0,33,43,44,41,41,40,38,45,73,88,54,0,0,0,0,0,0,0,0,0,0,0,0,0,28,38,42,39,30,24,29,49,68,65,41,0,0,0,0,0,0,0,0,0,0,0,0,0,33,46,46,42,39,34,31,48,78,82,49,0,0,0,0,0,0,0,0,0,0,0,0,17,36,58,75,75,62,52,66,96,100,64,0,0,0,0,0,0,0,0,0,0,0,0,0,0,0,0,0,0,0,0,0,0,0,0,0,0,0,0', 87),
('ChIJRbfvEiY2XhMRy1BekwIyAC4', 'Subaru Service - Παπανδρέου Παναγιώτης', 'Maizonos 313, Patra', 'car_repair,point_of_interest,establishment', '38.2359621,21.7270514', 4.8, 75, '0,0,0,0,0,0,0,11,60,100,73,63,70,61,40,21,21,28,0,0,0,0,0,0,0,0,0,0,0,0,0,10,31,60,61,48,46,50,50,46,38,28,0,0,0,0,0,0,0,0,0,0,0,0,0,8,25,50,58,51,45,46,46,41,33,25,0,0,0,0,0,0,0,0,0,0,0,0,0,5,56,96,40,48,66,73,66,51,38,30,0,0,0,0,0,0,0,0,0,0,0,0,0,15,31,53,65,61,46,36,31,30,28,25,0,0,0,0,0,0,0,0,0,0,0,0,0,0,0,0,0,0,0,0,0,0,0,0,0,0,0,0,0,0,0,0,0,0,0,0,0,0,0,0,0,0,0,0,0,0,0,0,0,0,0,0,0,0', 0),
('ChIJEzGdRic2XhMRYTCEu8QXinw', 'ΑΡΤΟΓΕΥΣΕΙΣ ΑΝΔΡΙΚΟΠΟΥΛΟΣ ΧΑΡ. & ΣΙΑ Ο.Ε.', 'Solomous 30, Patra', 'bakery,food,point_of_interest,store,establishment', '38.2387705,21.7306217', 4.5, 60, '0,0,0,0,0,0,30,46,54,52,45,36,33,32,33,32,30,28,25,21,16,0,0,0,0,0,0,0,0,0,54,100,83,47,42,46,45,40,36,35,32,30,26,23,19,0,0,0,0,0,0,0,0,0,38,59,66,59,57,70,70,50,35,30,29,28,25,23,19,0,0,0,0,0,0,0,0,0,25,47,67,74,70,71,66,46,32,30,32,30,29,25,21,0,0,0,0,0,0,0,0,0,35,46,53,57,56,52,45,38,32,29,29,28,26,23,19,0,0,0,0,0,0,0,0,0,36,64,56,40,56,88,88,59,38,29,25,21,15,11,8,0,0,0,0,0,0,0,0,0,0,0,0,0,0,15,19,18,0,0,0,0,0,0,0,0,0,0', 0),
('ChIJlQzUWic2XhMRRj2o3g9QiWw', 'Αχαϊκή Διαχειριστική (Επαγγ. Καθαρισμοί)', 'Solomou 24, Patra', 'laundry,point_of_interest,establishment', '38.238876,21.730667', 4.1, 20, '0,0,0,0,0,0,0,0,0,57,80,90,82,63,42,0,0,0,0,0,0,0,0,0,0,0,0,0,0,0,0,0,0,46,78,100,98,75,44,0,0,0,26,25,15,0,0,0,0,0,0,0,0,0,0,0,0,94,65,73,92,78,44,0,0,0,0,0,0,0,0,0,0,0,0,0,0,0,0,0,0,76,84,71,75,71,44,0,0,0,34,34,21,0,0,0,0,0,0,0,0,0,0,0,0,67,63,55,71,67,38,0,0,0,23,23,21,0,0,0,0,0,0,0,0,0,0,0,0,23,40,48,40,15,0,0,0,0,0,0,0,0,0,0,0,0,0,0,0,0,0,0,0,0,0,0,0,0,0,0,0,0,0,0,0,0,0,0', 0),
('ChIJWzSxwiY2XhMR0MLasqi7eJs', 'Theodosiou', 'Solomous 68, Patra', 'point_of_interest,establishment', '38.2364675,21.7302342', 4.3, 3, '0,0,0,0,0,0,0,0,0,50,95,77,59,50,0,0,0,0,0,0,0,0,0,0,0,0,0,0,0,0,0,0,0,40,68,77,77,81,0,0,0,18,22,22,22,0,0,0,0,0,0,0,0,0,0,0,0,27,59,95,100,68,0,0,0,0,0,0,0,0,0,0,0,0,0,0,0,0,0,0,0,54,72,59,59,54,0,0,0,22,40,31,9,0,0,0,0,0,0,0,0,0,0,0,0,40,59,50,50,40,0,0,0,4,18,27,31,0,0,0,0,0,0,0,0,0,0,0,0,0,0,0,0,0,0,0,0,0,0,0,0,0,0,0,0,0,0,0,0,0,0,0,0,0,0,0,0,0,0,0,0,0,0,0,0,0,0,0', 0),
('ChIJaVrgkCU2XhMRvIk-RC18hoM', 'Αρτο...Ποίηση', 'Maizonos 348, Patra', 'bakery,food,point_of_interest,store,establishment', '38.2333467,21.7266702', 4.7, 65, '0,0,0,0,0,0,9,19,36,57,78,88,82,69,53,48,51,59,61,53,40,28,0,0,0,0,0,0,0,0,17,25,38,53,69,76,71,57,42,32,30,36,42,44,36,25,0,0,0,0,0,0,0,0,7,13,23,40,59,75,76,69,57,50,53,65,75,71,55,36,0,0,0,0,0,0,0,0,11,19,28,40,50,59,61,59,51,48,55,76,100,98,67,32,0,0,0,0,0,0,0,0,9,13,25,36,51,59,59,53,44,40,46,55,59,51,36,21,0,0,0,0,0,0,0,0,3,11,25,48,76,96,96,82,65,53,50,46,42,36,30,25,0,0,0,0,0,0,0,0,0,0,0,0,0,0,0,0,0,0,0,0,0,0,0,0,0,0', 0),
('ChIJf1c-xyU2XhMRQaIzEdB_B7k', 'www.abbyspaws.gr', 'Themistokleous 56, Patra', 'point_of_interest,store,establishment', '38.2373518,21.7303909', 5, 1, '75,75,75,66,75,66,58,50,41,33,25,33,0,41,50,66,75,83,91,91,91,83,83,75,75,75,75,75,75,75,58,50,33,25,25,25,41,50,66,66,66,66,66,66,75,75,83,75,75,66,75,75,75,75,75,75,66,66,58,50,50,50,58,66,75,83,91,91,100,91,91,91,83,83,75,75,75,75,75,75,75,83,83,83,83,83,83,83,83,83,83,83,83,83,83,83,75,75,75,75,66,66,66,66,66,58,50,50,41,41,41,50,58,66,66,75,75,75,75,66,66,66,66,66,66,66,66,66,75,75,75,75,66,66,58,58,58,50,41,41,41,50,66,75,75,75,75,66,66,75,75,75,75,83,83,75,75,66,58,58,50,50,50,58,58,66,66,75', 0),
('ChIJF-Rg6dI3XhMRMNxaFTBLchg', 'Coffee stay', 'Charilaou Trikoupi 17, Patra', 'cafe,food,point_of_interest,store,establishment', '38.2373118,21.7302905', 5, 3, '0,0,0,0,0,0,22,39,55,62,57,43,28,20,19,24,30,34,37,33,27,20,0,0,0,0,0,0,0,0,8,37,66,45,21,34,50,36,18,19,32,49,60,59,46,30,0,0,0,0,0,0,0,0,20,38,63,86,100,95,77,53,31,20,20,30,43,49,45,32,0,0,0,0,0,0,0,0,4,26,63,60,28,26,37,33,25,25,31,37,42,42,39,34,0,0,0,0,0,0,0,0,13,31,59,72,56,34,26,25,27,30,37,46,54,55,45,32,0,0,0,0,0,0,0,0,14,19,27,36,45,50,50,43,32,24,19,21,28,34,34,26,0,0,0,0,0,0,0,0,4,7,13,22,30,31,25,18,15,18,20,22,22,20,15,10,0,0', 0),
('ChIJ0We6ISc2XhMR0JstwP2xC6s', 'CHEINOPOROS PANAGIOTIS', 'Charilaou Trikoupi 17, Patra', 'health,point_of_interest,store,establishment', '38.2373118,21.7302905', 5, 4, '0,0,0,0,0,0,0,0,29,61,91,93,70,53,48,46,0,0,0,0,0,0,0,0,0,0,0,0,0,0,0,0,23,63,100,91,70,61,53,42,0,0,0,0,0,0,0,0,0,0,0,0,0,0,0,0,21,55,91,97,74,48,42,44,0,0,0,0,0,0,0,0,0,0,0,0,0,0,0,0,31,63,87,80,65,55,51,44,0,0,0,0,0,0,0,0,0,0,0,0,0,0,0,0,25,61,82,74,63,61,53,40,0,0,0,0,0,0,0,0,0,0,0,0,0,0,0,0,0,0,0,0,0,0,0,0,0,0,0,0,0,0,0,0,0,0,0,0,0,0,0,0,0,0,0,0,0,0,0,0,0,0,0,0,0,0,0,0', 0),
('ChIJhVyNxiU2XhMR-047iPt8FPY', 'Δ.ΕΠΙΣΚΕΥΑΣΤΙΚΗ', 'Korinthou 426-430, Patra', 'hardware_store,point_of_interest,store,establishment', '38.234077,21.727605', 4.7, 7, '0,0,0,0,0,0,0,0,3,38,96,80,69,65,30,0,0,0,0,0,0,0,0,0,0,0,0,0,0,0,0,0,11,26,46,61,61,50,34,0,0,34,38,38,34,0,0,0,0,0,0,0,0,0,0,0,15,42,57,61,76,80,57,0,0,0,0,0,0,0,0,0,0,0,0,0,0,0,0,0,3,11,38,69,84,61,30,0,0,38,50,53,50,0,0,0,0,0,0,0,0,0,0,0,15,34,65,96,100,73,38,0,0,7,23,30,19,0,0,0,0,0,0,0,0,0,0,0,3,7,19,34,53,61,53,0,0,0,0,0,0,0,0,0,0,0,0,0,0,0,0,0,0,0,0,0,0,0,0,0,0,0,0,0,0,0,0,0', 0),
('ChIJMSeG8hk2XhMRRhwsF8fhP3Y', 'The Bright Star', 'Themistokleous 116, Patra', 'point_of_interest,establishment', '38.2331756,21.7281392', 4.7, 27, '0,0,0,0,0,0,0,0,0,0,7,14,11,3,0,0,0,14,18,14,7,0,0,0,0,0,0,0,0,0,0,0,0,0,18,29,33,29,0,0,0,7,14,14,7,0,0,0,0,0,0,0,0,0,0,0,0,0,51,62,48,25,0,0,0,14,14,11,3,0,0,0,0,0,0,0,0,0,0,0,0,0,33,40,33,18,0,0,0,44,55,51,40,0,0,0,0,0,0,0,0,0,0,0,0,0,70,100,81,37,0,0,0,18,22,22,14,0,0,0,0,0,0,0,0,0,0,0,0,25,40,55,55,44,0,0,0,0,0,0,0,0,0,0,0,0,0,0,0,0,0,0,0,0,0,0,0,0,0,0,0,0,0,0,0,0,0,0', 0),
('ChIJqXT_xCU2XhMRc5ulGeOpCoc', 'Coffee Island', 'Κορίνθου &, Dimitriou Maximou 22, Patra', 'cafe,food,point_of_interest,store,establishment', '38.2341489,21.7279444', 4.7, 177, '0,0,0,0,0,0,16,33,54,71,77,73,66,63,62,61,59,56,53,50,47,0,0,0,0,0,0,0,0,0,21,84,53,47,62,71,72,69,66,65,67,69,68,64,56,0,0,0,0,0,0,0,0,0,13,53,95,85,75,86,93,89,77,64,55,51,50,49,46,0,0,0,0,0,0,0,0,0,15,33,53,66,68,68,72,77,80,79,76,71,64,57,49,0,0,0,0,0,0,0,0,0,17,54,95,93,69,61,65,69,70,70,72,73,74,71,64,0,0,0,0,0,0,0,0,0,11,29,49,58,61,72,90,100,95,80,67,61,60,60,57,0,0,0,0,0,0,0,0,0,9,16,24,34,42,48,50,0,0,0,0,0,0,0,0,0,0,0', 0),
('ChIJWz0kmCU2XhMR4zd8MYHwoOQ', 'Σταματόπουλος Βασίλειος - Ο Γερμανός', 'Voriou Ipirou 139, Patra', 'car_repair,point_of_interest,store,establishment', '38.2333117,21.7270617', 4.9, 18, '0,0,0,0,0,0,0,0,40,77,37,51,85,100,77,40,14,0,0,0,0,0,0,0,0,0,0,0,0,0,0,0,37,51,66,92,100,88,59,33,14,0,0,0,0,0,0,0,0,0,0,0,0,0,0,0,29,48,62,74,74,66,51,33,18,0,0,0,0,0,0,0,0,0,0,0,0,0,0,0,33,51,62,66,55,37,48,55,14,0,0,0,0,0,0,0,0,0,0,0,0,0,0,0,33,66,55,48,48,44,48,44,14,0,0,0,0,0,0,0,0,0,0,0,0,0,0,0,33,55,59,81,62,25,7,0,0,0,0,0,0,0,0,0,0,0,0,0,0,0,0,0,0,0,0,0,0,0,0,0,0,0,0,0,0,0,0,0', 0),
('ChIJA8XmnCc2XhMRoA2h45hqTg4', 'ComTech Systems Pc-Δίκτυα-Software-Service', 'Korinthou 358, Patra', 'electronics_store,point_of_interest,store,establishment', '38.2393434,21.7283489', 4.9, 30, '0,0,0,0,0,0,0,0,0,17,52,82,76,47,17,0,0,0,0,0,0,0,0,0,0,0,0,0,0,0,0,0,0,35,58,70,58,35,17,0,0,23,76,70,100,0,0,0,0,0,0,0,0,0,0,0,0,23,52,76,76,58,29,0,0,0,0,0,0,0,0,0,0,0,0,0,0,0,0,0,0,29,47,58,58,47,35,0,0,35,35,35,35,0,0,0,0,0,0,0,0,0,0,0,0,41,76,88,58,29,11,0,0,29,35,29,17,0,0,0,0,0,0,0,0,0,0,0,0,0,0,0,0,0,0,0,0,0,0,0,0,0,0,0,0,0,0,0,0,0,0,0,0,0,0,0,0,0,0,0,0,0,0,0,0,0,0,0', 0),
('ChIJw3Fe5Cc2XhMRHcQgQkfA6ok', 'House Art - Είδη Διακόσμησης - Αυτοκόλλητα, ταπετσαρίες, πίνακες & παραβάν', 'Ακτή Δυμαίων 10 & Ευμήλου, Georgiou Olimpiou, Patra', 'home_goods_store,point_of_interest,store,establishment', '38.2397708,21.7266125', 4.7, 604, '0,0,0,0,0,0,0,0,0,71,100,75,57,72,80,69,71,0,0,0,0,0,0,0,0,0,0,0,0,0,0,0,0,68,87,86,70,57,60,71,73,0,0,0,0,0,0,0,0,0,0,0,0,0,0,0,0,58,71,60,56,74,89,84,82,0,0,0,0,0,0,0,0,0,0,0,0,0,0,0,0,59,79,82,70,59,61,69,68,0,0,0,0,0,0,0,0,0,0,0,0,0,0,0,0,62,81,68,71,93,93,70,57,0,0,0,0,0,0,0,0,0,0,0,0,0,0,0,0,20,26,24,24,27,0,0,0,0,0,0,0,0,0,0,0,0,0,0,0,0,0,0,0,0,0,0,0,0,0,0,0,0,0,0,0,0,0,0', 0),
('ChIJGYPtKyY2XhMRDq5n0hrb108', 'Media Markt Πάτρα', 'Akti Dimeon 17, Patra', 'shopping_mall,electronics_store,point_of_interest,store,establishment', '38.237736,21.7262525', 4.1, 1257, '0,0,0,0,0,0,0,0,0,0,32,43,48,46,39,34,36,46,60,68,64,0,0,0,0,0,0,0,0,0,0,0,0,0,0,0,0,0,0,0,0,0,0,0,0,0,0,0,0,0,0,0,0,0,0,0,0,0,32,41,46,43,35,28,28,42,62,75,69,0,0,0,0,0,0,0,0,0,0,0,0,0,25,36,42,42,36,30,31,41,58,71,72,0,0,0,0,0,0,0,0,0,0,0,0,0,27,34,39,44,41,32,28,39,60,76,76,0,0,0,0,0,0,0,0,0,0,0,0,11,25,43,58,63,57,48,49,65,88,100,0,0,0,0,0,0,0,0,0,0,0,0,0,0,0,0,0,0,0,0,0,0,0,0,0,0,0,0', 46),
('ChIJSxcz2FI2XhMRkB05AbcRmlI', 'ΝΑΥΤΙΚΟΣ ΟΜΙΛΟΣ ΠΑΤΡΩΝ', 'Akti Dimeon 151, Patra', 'health,point_of_interest,establishment', '38.2388174,21.7251731', 4.7, 13, '0,0,0,0,0,0,0,0,0,0,0,3,0,0,7,0,10,17,42,64,50,0,0,0,0,0,0,0,0,0,0,0,0,10,17,21,17,10,7,0,32,64,67,60,42,0,0,0,0,0,0,0,0,0,0,0,0,0,0,0,0,0,7,14,25,35,67,100,78,0,0,0,0,0,0,0,0,0,0,0,0,0,0,0,0,3,3,17,42,67,75,57,28,0,0,0,0,0,0,0,0,0,0,0,0,0,0,0,0,3,10,25,46,57,50,35,17,0,0,0,0,0,0,0,0,0,0,0,0,0,0,0,0,0,0,0,0,0,0,0,0,0,0,0,0,0,0,0,0,0,0,0,0,0,0,0,0,0,0,0,0,0,0,0,0,0,0,0', 0),
('ChIJK2mtFN9JXhMRQgGlzRIXc6k', 'Vasiliki Andrikopoulou', 'Mesologgiou 11, Patra', 'point_of_interest,establishment', '38.240273,21.7334759', 5, 35, '0,0,0,0,0,0,0,0,0,0,0,0,0,0,0,0,0,35,71,94,83,50,0,0,0,0,0,0,0,0,0,0,0,0,0,0,0,0,0,0,0,45,51,22,35,40,0,0,0,0,0,0,0,0,0,0,0,0,0,0,0,0,0,0,0,46,81,100,85,51,0,0,0,0,0,0,0,0,0,0,0,0,0,0,0,0,0,0,0,32,47,48,39,41,0,0,0,0,0,0,0,0,0,0,0,0,0,0,0,0,0,0,0,48,61,56,37,18,0,0,0,0,0,0,0,0,0,0,0,0,0,0,0,0,0,0,0,0,0,0,0,0,0,0,0,0,0,0,0,0,0,0,0,0,0,0,0,0,0,0,0,0,0,0,0,0,0,0', 0),
('ChIJYQIxGyE2XhMRupS59ERDUNc', 'Galaxias', 'Panachaikou 76, Patra', 'supermarket,grocery_or_supermarket,food,point_of_interest,store,establishment', '38.2360767,21.7337615', 4.4, 248, '0,0,0,0,0,0,0,0,19,44,71,89,88,73,57,52,58,67,70,62,46,0,0,0,0,0,0,0,0,0,0,0,25,42,61,77,86,85,74,60,52,56,65,62,43,0,0,0,0,0,0,0,0,0,0,0,26,46,68,86,92,82,65,52,50,59,68,66,50,0,0,0,0,0,0,0,0,0,0,0,21,41,65,82,82,69,51,41,40,45,48,43,32,0,0,0,0,0,0,0,0,0,0,0,17,37,61,80,83,72,54,45,50,63,72,66,49,0,0,0,0,0,0,0,0,0,0,0,23,47,74,94,100,89,66,45,38,51,64,54,0,0,0,0,0,0,0,0,0,0,0,0,0,0,0,0,0,0,0,0,0,0,0,0,0,0,0,0', 39),
('ChIJoZu2ICE2XhMRaYhwPdvHLkY', 'Axizei', 'Mesologgiou 69, Patra', 'home_goods_store,point_of_interest,store,establishment', '38.2365135,21.7328594', 4.8, 4, '0,0,0,0,0,0,0,0,48,92,100,82,78,80,65,0,0,0,0,0,0,0,0,0,0,0,0,0,0,0,0,0,0,0,0,0,0,0,0,0,0,0,0,0,0,0,0,0,0,0,0,0,0,0,0,0,41,75,70,75,87,82,63,0,0,0,0,0,0,0,0,0,0,0,0,0,0,0,0,0,17,48,75,70,56,73,58,0,0,14,36,46,31,0,0,0,0,0,0,0,0,0,0,0,9,34,56,51,53,73,46,0,0,26,34,36,34,0,0,0,0,0,0,0,0,0,0,0,21,90,100,60,63,60,48,0,0,0,0,0,0,0,0,0,0,0,0,0,0,0,0,0,0,0,0,0,0,0,0,0,0,0,0,0,0,0,0,0', 0),
('ChIJpxBoqb43XhMRPoXjQGIk2C0', 'Edgy Cuts', 'Archiepiskopou Ierotheou 89, Patra', 'hair_care,point_of_interest,establishment', '38.2366599,21.7333179', 5, 24, '0,0,0,0,0,0,0,0,0,0,0,0,0,0,0,0,0,20,40,53,43,0,0,0,0,0,0,0,0,0,0,0,0,23,40,56,56,40,0,0,0,46,73,83,70,0,0,0,0,0,0,0,0,0,0,0,0,30,56,70,63,43,0,0,0,0,0,0,0,0,0,0,0,0,0,0,0,0,0,0,0,0,0,33,26,33,43,50,53,53,56,60,46,0,0,0,0,0,0,0,0,0,0,0,0,23,60,80,53,20,0,0,0,36,56,56,36,0,0,0,0,0,0,0,0,0,0,0,0,50,100,76,43,43,46,36,0,0,0,0,0,0,0,0,0,0,0,0,0,0,0,0,0,0,0,0,0,0,0,0,0,0,0,0,0,0,0,0', 0),
('ChIJCdQRw0Y3XhMRHeQx2bwPEAw', 'Καφέ \"Πνύκα\"', 'Michail Psellou 5, Patra', 'cafe,food,point_of_interest,establishment', '38.2332736,21.7338762', 4.4, 21, '0,0,0,0,0,0,0,10,10,19,53,95,91,48,25,21,25,29,34,36,40,42,42,42,0,0,0,0,0,0,0,14,19,42,76,82,53,25,19,21,25,29,34,38,40,42,44,42,0,0,0,0,0,0,0,10,21,51,80,85,57,25,8,4,8,8,12,21,29,40,48,55,0,0,0,0,0,0,0,29,40,51,55,53,44,34,23,23,25,23,19,19,27,36,44,48,0,0,0,0,0,0,0,6,12,48,93,80,31,10,12,23,31,40,46,46,46,46,48,55,0,0,0,0,0,0,0,25,27,34,55,85,93,72,44,29,27,25,25,29,40,68,85,68,0,0,0,0,0,0,0,29,34,55,89,100,76,44,29,27,27,27,27,27,29,29,29,29', 0),
('ChIJ6-g47SM2XhMRoBC9mS6dkKE', 'Αχαϊκό Εντελβάις', 'Eleftheriou Venizelou 69, Patra', 'bakery,food,point_of_interest,store,establishment', '38.232962,21.732502', 4.4, 209, '10,0,0,0,0,0,0,15,20,24,29,32,33,32,31,28,31,40,54,64,63,49,29,14,6,3,0,0,0,0,0,18,22,27,32,35,37,38,37,35,31,27,25,35,53,67,59,35,15,5,0,0,0,0,0,18,24,31,36,40,42,42,40,36,35,42,59,79,84,67,40,18,6,2,0,0,0,0,0,19,25,33,42,51,59,61,51,37,29,36,59,87,98,83,51,24,9,2,0,0,0,0,0,15,20,25,31,33,35,33,29,25,20,19,28,49,72,72,49,22,6,2,0,0,0,0,0,0,0,0,0,0,0,0,0,0,0,0,0,88,100,93,71,44,22,9,0,0,0,0,0,0,0,0,0,0,0,0,0,0,0,0,0,75,83,71,48,24', 0),
('ChIJpYe_5iM2XhMRxwCviSFImLA', 'ΝΤΟΥΒΑΣ ΑΘΑΝΑΣΙΟΣ', 'Voriou Ipirou 73, Patra', 'bakery,food,point_of_interest,store,establishment', '38.233711,21.7328662', 4.7, 17, '0,0,0,0,0,0,0,16,29,43,52,54,49,36,25,20,18,18,16,14,0,0,0,0,0,0,0,0,0,0,0,9,18,32,47,54,49,34,20,10,16,36,49,29,0,0,0,0,0,0,0,0,0,0,0,18,32,58,83,87,63,36,21,21,25,27,27,25,0,0,0,0,0,0,0,0,0,0,0,16,23,21,29,38,40,32,20,9,7,12,21,23,0,0,0,0,0,0,0,0,0,0,0,25,25,20,27,49,43,21,14,16,18,18,18,16,0,0,0,0,0,0,0,0,0,0,0,10,21,50,92,100,65,38,29,25,23,0,0,0,0,0,0,0,0,0,0,0,0,0,0,0,0,0,0,0,0,0,0,0,0,0,0,0,0,0,0,0', 0),
('ChIJhTC7IiA2XhMRDXXA5keTbkU', 'The Juice Bar', 'Smirnis 110, Patra', 'cafe,food,point_of_interest,establishment', '38.2370436,21.7369206', 4.4, 139, '0,0,0,0,0,0,24,37,55,75,91,98,94,82,68,56,50,50,51,55,56,56,0,0,0,0,0,0,0,0,25,37,55,74,89,98,98,89,75,63,58,68,84,94,84,63,0,0,0,0,0,0,0,0,6,15,34,56,72,81,84,72,48,34,36,48,62,72,79,81,0,0,0,0,0,0,0,0,15,24,37,53,68,81,86,84,75,65,56,63,84,100,93,67,0,0,0,0,0,0,0,0,17,29,43,56,74,91,100,89,68,51,46,50,58,63,67,65,0,0,0,0,0,0,0,0,8,15,25,39,53,63,67,63,55,44,39,43,55,68,74,65,0,0,0,0,0,0,0,0,29,41,53,62,67,67,60,50,41,36,32,34,39,44,48,50,0,0', 0),
('ChIJZSZOWxk2XhMRx_ZGHpVteCc', 'Κοσμοπουλος Θεοφάνης&Γεώργιος', 'Leoforos Georgiou Papandreou 80, Patra', 'home_goods_store,point_of_interest,store,establishment', '38.2308628,21.7427149', 4.5, 146, '0,0,0,0,0,0,0,26,54,73,71,69,91,89,43,0,0,0,0,0,0,0,0,0,0,0,0,0,0,0,0,24,46,72,93,99,85,61,36,0,0,28,50,66,61,0,0,0,0,0,0,0,0,0,0,26,45,67,85,92,85,67,45,0,0,0,0,0,0,0,0,0,0,0,0,0,0,0,0,21,35,51,65,72,69,58,43,0,0,46,67,80,73,0,0,0,0,0,0,0,0,0,0,24,46,66,73,75,90,91,54,0,0,42,66,79,73,0,0,0,0,0,0,0,0,0,0,32,46,51,58,81,100,88,52,0,0,0,0,0,0,0,0,0,0,0,0,0,0,0,0,0,0,0,0,0,0,0,0,0,0,0,0,0,0,0,0,0', 0),
('ChIJOztsXBk2XhMRIu0EEdF27js', 'PHARMACY Damvounelis G. Kon / nos', 'Leoforos Georgiou Papandreou 85, Patra', 'drugstore,health,point_of_interest,store,establishment', '38.2310536,21.7431452', 5, 3, '0,0,0,0,0,0,0,0,42,50,42,49,78,89,0,0,0,0,0,0,0,0,0,0,0,0,0,0,0,0,0,0,36,50,59,75,84,71,47,29,28,47,75,92,82,0,0,0,0,0,0,0,0,0,0,0,38,50,47,56,100,100,0,0,0,0,0,0,0,0,0,0,0,0,0,0,0,0,0,0,17,35,57,77,84,73,54,40,40,52,68,77,68,0,0,0,0,0,0,0,0,0,0,0,28,47,63,73,80,75,59,45,45,59,75,75,57,0,0,0,0,0,0,0,0,0,0,0,0,0,0,0,0,0,0,0,0,0,0,0,0,0,0,0,0,0,0,0,0,0,0,0,0,0,0,0,0,0,0,0,0,0,0,0,0,0,0,0', 0),
('ChIJESBMBBk2XhMRi2SbsZ_zvMU', 'WODBOX', 'Leoforos Georgiou Papandreou 91, Patra', 'gym,health,point_of_interest,establishment', '38.230732,21.742805', 4.8, 25, '0,0,0,0,0,0,0,0,0,0,11,16,20,24,25,27,28,37,56,77,77,55,0,0,0,0,0,0,0,0,0,0,0,0,19,25,27,28,25,18,16,29,53,70,65,43,0,0,0,0,0,0,0,0,0,0,0,0,22,30,33,29,22,17,23,48,81,100,86,53,0,0,0,0,0,0,0,0,0,0,0,0,11,22,32,33,27,20,23,39,59,67,59,38,0,0,0,0,0,0,0,0,0,0,0,0,24,30,35,37,34,32,32,37,45,49,43,29,0,0,0,0,0,0,0,0,0,0,0,0,18,30,37,29,0,0,0,0,0,0,0,0,0,0,0,0,0,0,0,0,0,0,0,0,0,0,0,0,0,0,0,0,0,0,0,0,0,0', 0),
('ChIJW666Vxk2XhMRo_D2yOU6YsY', 'Ευθυγραμμίσεις Μπαρδάκης', 'Leoforos Georgiou Papandreou 72, Patra', 'car_repair,point_of_interest,establishment', '38.2316211,21.7434209', 4.8, 167, '0,0,0,0,0,0,0,0,2,30,72,100,94,88,90,32,2,0,0,0,0,0,0,0,0,0,0,0,0,0,0,0,2,8,28,48,58,52,34,18,12,0,0,0,0,0,0,0,0,0,0,0,0,0,0,0,8,30,46,48,40,48,74,64,30,0,0,0,0,0,0,0,0,0,0,0,0,0,0,0,16,28,38,50,56,60,60,56,48,0,0,0,0,0,0,0,0,0,0,0,0,0,0,0,6,24,46,68,84,88,80,64,50,0,0,0,0,0,0,0,0,0,0,0,0,0,0,0,2,10,34,58,70,68,50,0,0,0,0,0,0,0,0,0,0,0,0,0,0,0,0,0,0,0,0,0,0,0,0,0,0,0,0,0,0,0,0,0', 0),
('ChIJSWbYERM3XhMRX5qduCDaczY', 'ΦΙΛΙΠΠΟΣ ΑΛΕΥΡΑ-ΜΠΑΧΑΡΙΚΑ-ΖΩΟΤΡΟΦΕΣ', 'Ionias 114, Patra', 'grocery_or_supermarket,food,point_of_interest,store,establishment', '38.2339731,21.7402237', 4.6, 35, '0,0,0,0,0,0,0,17,27,37,42,42,35,25,20,0,0,0,0,0,0,0,0,0,0,0,0,0,0,0,0,15,42,67,55,47,62,50,0,0,0,45,67,57,27,0,0,0,0,0,0,0,0,0,0,2,12,35,62,72,55,27,17,0,0,0,0,0,0,0,0,0,0,0,0,0,0,0,0,17,35,52,62,57,45,25,0,0,0,32,75,72,30,0,0,0,0,0,0,0,0,0,0,12,35,50,37,40,62,42,0,0,0,45,52,52,42,0,0,0,0,0,0,0,0,0,0,7,22,47,82,100,85,52,22,0,0,0,0,0,0,0,0,0,0,0,0,0,0,0,0,0,0,0,0,0,0,0,0,0,0,0,0,0,0,0,0,0', 0),
('ChIJVeODuCE2XhMRcDFqFETdzdw', 'Theos, Lambros, & Co. O.E.', 'Voriou Ipirou 23, Patra', 'car_repair,point_of_interest,store,establishment', '38.2350382,21.735943', 4.8, 36, '0,0,0,0,0,0,0,0,22,50,66,66,61,61,61,50,38,27,0,0,0,0,0,0,0,0,0,0,0,0,0,0,27,44,61,66,66,61,44,38,33,27,0,0,0,0,0,0,0,0,0,0,0,0,0,0,27,33,33,38,61,61,16,5,0,0,0,0,0,0,0,0,0,0,0,0,0,0,0,0,5,50,44,33,50,61,66,61,44,27,0,0,0,0,0,0,0,0,0,0,0,0,0,0,22,44,72,94,100,88,66,38,22,11,0,0,0,0,0,0,0,0,0,0,0,0,0,0,33,66,88,94,72,38,16,0,0,0,0,0,0,0,0,0,0,0,0,0,0,0,0,0,0,0,0,0,0,0,0,0,0,0,0,0,0,0,0,0', 0),
('ChIJP1bzTS82XhMRKDyRa4_p-j4', 'Κολυμβητήριο ΝΟΠ (Nautical Club of Patras)', 'Akti Dimeon, Patra', 'point_of_interest,establishment', '38.2390031,21.7249076', 4.4, 314, '0,0,0,0,0,0,0,0,0,0,4,5,7,9,13,23,43,69,84,83,0,0,0,0,0,0,0,0,0,0,0,0,0,0,10,13,13,12,11,19,42,72,85,64,0,0,0,0,0,0,0,0,0,0,0,0,0,0,13,16,14,11,14,28,54,83,100,95,0,0,0,0,0,0,0,0,0,0,0,0,0,0,4,7,11,13,18,28,46,62,64,50,0,0,0,0,0,0,0,0,0,0,0,0,0,0,7,12,15,14,11,17,38,62,70,55,0,0,0,0,0,0,0,0,0,0,0,0,0,25,38,48,49,0,0,0,0,0,0,0,0,0,0,0,0,0,0,0,0,0,0,0,0,0,0,0,0,0,0,0,0,0,0,0,0,0,0,0', 1),
('ChIJu8vyBuJJXhMRfm0zkEgJDWU', 'SPORTS HOUSE', 'Smirnis 250, Patra', 'gym,health,point_of_interest,establishment', '38.2371073,21.7438912', 4.6, 57, '0,0,0,0,0,0,0,0,44,73,77,51,26,15,15,22,36,53,63,58,41,25,14,0,0,0,0,0,0,0,0,0,15,20,22,22,19,15,14,21,42,70,88,79,52,25,8,0,0,0,0,0,0,0,0,0,47,85,80,39,9,2,3,9,17,29,41,46,44,33,21,0,0,0,0,0,0,0,0,0,14,32,47,42,25,9,4,14,34,39,26,23,27,21,9,0,0,0,0,0,0,0,0,0,73,95,100,86,60,35,16,8,14,38,67,69,40,14,2,0,0,0,0,0,0,0,0,0,5,8,11,14,15,15,14,13,13,13,11,9,0,0,0,0,0,0,0,0,0,0,0,0,0,0,0,0,0,0,0,0,0,0,0,0,0,0,0,0', 0),
('ChIJVfLnrMVJXhMRkzUAT7CxG4U', 'Ζαχαροπλαστείο Γιώργος', 'Smirnis 231, Patra', 'food,point_of_interest,store,establishment', '38.2372635,21.7433585', 4.6, 21, '0,0,0,0,0,0,0,0,1,2,3,3,3,3,3,2,2,2,2,2,1,1,1,0,0,0,0,0,0,0,0,0,1,1,1,1,1,1,1,1,1,1,1,2,2,2,1,0,0,0,0,0,0,0,0,0,1,1,1,1,2,3,2,1,0,0,1,2,2,1,0,0,0,0,0,0,0,0,0,0,1,3,1,1,2,2,1,1,1,1,1,2,2,1,1,0,0,0,0,0,0,0,0,0,37,56,78,100,93,54,19,5,3,3,3,2,2,1,1,0,0,0,0,0,0,0,0,0,0,0,1,0,2,4,6,5,3,1,0,0,1,1,1,0,0,0,0,0,0,0,0,0,1,1,1,1,1,1,1,1,1,1,1,1,1,1,1,0', 0),
('ChIJ8Uhwphk2XhMR0eyLMUIgSEk', 'Piraeus Bank', 'Γ. Παπανδρέου, & Ιωνίας 104, Patra', 'bank,atm,finance,point_of_interest,establishment', '38.2296495,21.7412741', 2.3, 23, '0,0,0,0,0,0,0,0,61,91,99,97,100,92,0,0,0,0,0,0,0,0,0,0,0,0,0,0,0,0,0,0,53,90,96,94,96,86,0,0,0,0,0,0,0,0,0,0,0,0,0,0,0,0,0,0,74,100,74,80,96,86,0,0,0,0,0,0,0,0,0,0,0,0,0,0,0,0,0,0,40,71,87,92,92,83,0,0,0,0,0,0,0,0,0,0,0,0,0,0,0,0,0,0,53,80,75,81,94,82,0,0,0,0,0,0,0,0,0,0,0,0,0,0,0,0,0,0,0,0,0,0,0,0,0,0,0,0,0,0,0,0,0,0,0,0,0,0,0,0,0,0,0,0,0,0,0,0,0,0,0,0,0,0,0,0,0,0', 62),
('ChIJ_cM58sE3XhMRCHVgkJkjUeQ', 'Σχολή Οδηγών - Δώρα Κ. Γιαννακοπούλου', 'Ionias 62, Patra', 'point_of_interest,establishment', '38.2362059,21.7399308', 5, 7, '0,0,0,0,0,0,0,0,0,0,0,0,0,0,0,0,0,0,0,0,0,0,0,0,0,0,0,0,0,0,0,0,0,22,50,22,22,44,0,0,0,33,66,100,100,0,0,0,0,0,0,0,0,0,0,0,0,0,0,0,0,0,0,0,0,0,0,0,0,0,0,0,0,0,0,0,0,0,0,0,0,16,22,22,16,5,0,0,0,22,50,72,66,0,0,0,0,0,0,0,0,0,0,0,0,11,27,33,22,5,0,0,0,38,61,61,38,0,0,0,0,0,0,0,0,0,0,0,0,0,0,0,0,0,0,0,0,0,0,0,0,0,0,0,0,0,0,0,0,0,0,0,0,0,0,0,0,0,0,0,0,0,0,0,0,0,0,0', 0),
('ChIJk0zmsB82XhMRaUVxT1MhpGY', 'Gitsis Konstantinos', 'Ionias 54, Patra', 'food,point_of_interest,store,establishment', '38.2359271,21.7399551', 4.3, 99, '0,0,0,0,0,0,0,0,36,54,66,66,55,38,24,16,15,20,27,33,36,35,30,23,0,0,0,0,0,0,0,0,21,43,57,53,44,41,33,27,33,48,62,67,63,50,34,20,0,0,0,0,0,0,0,0,28,36,45,50,48,35,23,15,16,21,27,31,32,30,26,20,0,0,0,0,0,0,0,0,27,47,63,66,55,36,21,15,22,37,55,68,67,53,34,18,0,0,0,0,0,0,0,0,16,36,58,71,66,47,25,10,8,25,51,55,40,34,36,32,0,0,0,0,0,0,0,0,26,37,48,55,56,51,42,31,22,22,45,76,72,36,25,53,0,0,0,0,0,0,0,0,11,17,24,28,28,25,22,25,44,74,100,95,66,38,27,24', 0),
('ChIJxZ_BF0lJXhMRgcQowKpjoQ8', 'Way Out Cafe', 'Ionias 1, Patra', 'cafe,food,point_of_interest,establishment', '38.2384554,21.7395409', 4.9, 23, '0,0,0,0,0,0,22,26,29,30,31,30,31,41,55,50,41,46,59,64,58,43,27,15,0,0,0,0,0,0,17,26,36,48,56,62,64,62,56,53,53,58,65,70,67,54,37,21,0,0,0,0,0,0,15,22,32,41,51,58,63,63,60,59,59,62,68,72,70,60,46,30,0,0,0,0,0,0,15,24,34,44,54,60,64,63,60,59,62,69,81,91,91,81,62,41,0,0,0,0,0,0,24,31,36,37,37,37,39,43,46,46,43,40,45,59,75,81,69,45,0,0,0,0,0,0,17,27,35,39,40,40,46,55,60,54,44,40,45,54,58,54,43,29,0,0,0,0,0,0,0,0,20,31,44,55,60,58,49,43,45,59,82,98,100,83,56,32', 0),
('ChIJ0a4YHeBJXhMRgESyORq9JSo', 'DERMATOLOGOS GIANNAKOPOULOS Patras KOSTAS', 'Voulgareos 27, Patra', 'doctor,health,point_of_interest,establishment', '38.2381785,21.7384521', 2.3, 9, '65,64,62,62,64,67,70,74,77,80,81,82,83,82,82,80,79,76,72,70,66,64,61,59,59,59,59,61,62,61,64,69,77,86,91,90,83,74,64,61,66,80,93,100,95,82,71,65,65,66,67,65,69,69,70,71,74,75,77,79,81,82,83,85,85,85,83,82,81,79,77,75,72,71,70,69,64,67,70,74,79,82,86,88,91,92,92,91,90,87,83,80,75,71,67,65,62,61,61,62,67,65,65,69,77,87,95,96,91,81,70,64,62,66,72,77,77,74,69,65,65,67,70,70,64,65,66,67,70,72,74,76,76,76,76,75,72,70,69,66,65,64,64,62,62,62,62,62,62,62,64,65,67,69,69,70,70,69,69,69,69,67,69,69,69,67,67,66', 0),
('ChIJaeHBPuBJXhMRuNbzVocLWWA', 'Kokkonis Bros O.E.', 'Mpoukaouri 158, Patra', 'home_goods_store,point_of_interest,store,establishment', '38.2381317,21.7395629', 4.7, 198, '0,0,0,0,0,0,0,17,38,50,58,81,91,54,15,0,0,0,0,0,0,0,0,0,0,0,0,0,0,0,0,6,18,39,61,71,61,38,18,0,0,38,79,76,35,0,0,0,0,0,0,0,0,0,0,21,36,51,62,65,58,45,29,0,0,0,0,0,0,0,0,0,0,0,0,0,0,0,0,19,36,53,63,60,46,27,13,0,0,15,43,54,29,0,0,0,0,0,0,0,0,0,0,6,20,40,61,69,59,37,18,0,0,13,63,78,27,0,0,0,0,0,0,0,0,0,0,5,11,25,56,90,100,72,35,0,0,0,0,0,0,0,0,0,0,0,0,0,0,0,0,0,0,0,0,0,0,0,0,0,0,0,0,0,0,0,0,0', 59),
('ChIJ8e14Y_k3XhMRwkBFeA4sA44', 'Πλατεία Ελευθερίας (Μικράς Ασίας)', 'Patras', 'park,point_of_interest,establishment', '38.2358026,21.7419403', 3.7, 125, '1,1,1,1,1,1,0,3,6,9,10,9,7,4,1,1,1,3,8,11,11,6,1,1,1,1,1,1,1,1,1,3,9,13,15,13,10,6,3,3,4,7,10,12,11,9,5,0,1,1,1,1,1,1,1,1,5,9,12,12,11,8,6,4,4,6,9,11,12,10,5,1,1,1,1,1,1,1,1,0,5,9,13,14,12,8,4,3,5,9,14,17,17,13,7,0,1,1,1,1,1,1,1,13,40,72,96,100,80,50,23,7,1,2,7,13,16,16,11,5,1,1,1,1,1,1,1,1,2,7,11,14,14,12,10,9,10,12,15,17,18,17,14,9,3,1,1,1,1,1,1,1,1,1,7,12,13,12,7,2,1,1,1,6,9,9,7,3', 21),
('ChIJeRBLIEo3XhMRJQF6V6sC6MI', 'Πλυντήριο αυτοκινήτων (self service)', 'Ionias 133, Patra', 'car_wash,point_of_interest,establishment', '38.2300179,21.7407132', 5, 5, '0,0,0,0,0,0,0,0,8,17,26,34,39,39,34,30,26,17,13,8,17,34,17,0,0,0,0,0,0,0,0,0,4,8,13,17,21,21,21,17,17,17,4,13,26,8,0,0,0,0,0,0,0,0,0,0,4,8,13,17,21,26,26,21,17,13,0,13,17,17,17,0,0,0,0,0,0,0,0,0,4,78,8,17,30,52,73,82,82,69,52,34,47,56,17,0,0,0,0,0,0,0,0,0,0,0,0,0,0,0,0,0,0,0,0,0,0,0,0,0,0,0,0,0,0,0,0,0,39,39,39,52,56,52,39,26,17,21,47,56,30,8,0,0,0,0,0,0,0,0,0,0,8,21,43,69,73,56,30,13,0,65,100,13,13,26,13,0', 0),
('ChIJl4E8Nd1JXhMRIItSjXdfOXo', 'Φροντιστήριο Φάσμα', 'Ελευθερίου Βενιζέλου και Γεωργιου Παπανδρέου ,Πάτρα 262 21, Patra', 'point_of_interest,establishment', '38.2296726,21.7411852', 5, 6, '0,0,0,0,0,0,0,0,0,0,6,6,5,3,0,0,20,34,43,51,74,45,0,0,0,0,0,0,0,0,0,0,0,0,2,3,4,5,0,0,30,61,90,95,71,38,0,0,0,0,0,0,0,0,0,0,0,0,14,11,7,4,0,0,31,42,50,62,55,26,0,0,0,0,0,0,0,0,0,0,0,0,0,0,0,8,0,0,94,100,73,38,30,59,0,0,0,0,0,0,0,0,0,0,0,0,7,6,3,2,0,0,14,31,48,53,42,24,0,0,0,0,0,0,0,0,0,0,0,0,74,75,56,35,0,0,1,2,3,3,3,3,0,0,0,0,0,0,0,0,0,0,0,0,0,0,0,0,0,0,0,0,0,0,0,0,0,0', 0),
('ChIJs13fMVdJXhMRdfoTBribjjc', 'Moccup', 'Dimitriou Gounari 195, Patra', 'cafe,food,point_of_interest,establishment', '38.2397355,21.7423175', 4.7, 17, '0,0,0,0,0,0,0,22,28,40,48,53,53,46,37,28,20,20,44,88,91,0,0,0,0,0,0,0,0,0,0,24,31,40,48,55,60,60,55,48,40,35,51,86,91,0,0,0,0,0,0,0,0,0,0,26,33,46,68,88,95,82,57,33,24,35,57,73,68,0,0,0,0,0,0,0,0,0,0,28,33,40,44,46,46,46,44,40,35,37,60,97,100,0,0,0,0,0,0,0,0,0,0,24,28,35,42,51,55,55,53,44,33,31,51,86,73,0,0,0,0,0,0,0,0,0,0,17,26,35,44,51,53,48,40,31,24,33,62,95,91,0,0,0,0,0,0,0,0,0,0,17,20,22,24,28,37,44,48,44,35,31,35,44,46,0,0,0', 0),
('ChIJH1FcPxw2XhMRzjMDiIppoZg', 'Max Perry', 'Leoforos Georgiou Papandreou 59, Patra', 'food,point_of_interest,store,establishment', '38.2331948,21.745112', 4.3, 155, '0,0,0,0,0,0,0,2,81,56,50,72,80,69,46,21,7,16,54,95,92,48,6,2,0,0,0,0,0,0,0,2,26,61,73,67,56,41,26,16,19,34,53,67,68,54,34,13,0,0,0,0,0,0,0,14,35,46,45,51,75,74,37,14,17,34,51,63,64,56,39,20,0,0,0,0,0,0,0,13,37,56,60,50,48,62,72,59,39,46,76,100,87,49,13,2,0,0,0,0,0,0,0,8,38,65,76,80,86,84,62,40,35,45,57,62,57,43,25,8,0,0,0,0,0,0,0,8,25,45,61,70,67,54,36,20,15,23,42,61,67,53,28,6,0,0,0,0,0,0,0,0,1,12,32,62,83,78,52,30,29,48,71,79,65,38,12,2', 9),
('ChIJNQv7Pxw2XhMReRJTJFtt4xc', 'Et Cafe', 'Leoforos Georgiou Papandreou 59A, Patra', 'cafe,food,point_of_interest,establishment', '38.23302,21.7450344', 4.5, 167, '0,0,0,0,0,4,11,22,37,42,38,30,30,44,37,27,27,28,28,27,24,21,17,12,0,0,0,0,0,1,4,17,38,61,70,62,51,41,31,24,22,25,31,35,35,32,25,18,0,0,0,0,0,11,22,40,55,64,58,45,35,32,28,17,14,18,25,30,31,27,21,14,0,0,0,0,0,4,8,25,65,100,94,74,64,54,40,31,25,24,22,21,18,17,14,11,0,0,0,0,0,8,12,20,31,45,51,44,31,21,17,15,14,14,22,38,35,17,7,4,0,0,0,0,0,8,15,24,34,42,47,44,35,25,17,12,12,15,18,20,20,17,12,10,0,0,0,0,0,7,8,12,21,38,57,64,54,34,17,8,10,18,28,32,28,18,8,2', 0),
('ChIJt-jvWxk2XhMRmqTBLN1y4Fg', 'Coffee Amargo', 'Leoforos Georgiou Papandreou 51, Patra', 'cafe,food,point_of_interest,establishment', '38.233572,21.7455452', 4.6, 51, '0,0,0,0,0,0,0,30,37,41,45,46,45,43,41,41,46,56,66,72,70,61,45,0,0,0,0,0,0,0,0,33,40,46,50,50,48,46,45,45,48,53,59,64,62,56,45,0,0,0,0,0,0,0,0,33,46,51,48,38,32,29,33,37,40,46,61,83,96,88,59,0,0,0,0,0,0,0,0,14,20,27,32,32,29,22,17,22,54,48,37,64,95,100,74,0,0,0,0,0,0,0,0,19,25,30,35,37,38,37,32,29,27,30,46,67,83,77,53,0,0,0,0,0,0,0,0,6,14,35,66,87,79,56,37,30,32,35,40,53,77,75,48,0,0,0,0,0,0,0,0,22,35,53,72,87,90,82,67,53,45,50,64,77,82,74,58,0', 0),
('ChIJU2cC_5A3XhMRTltBi0TpJVo', 'Opap play Γ. Παπανδρεου 49', 'Leoforos Georgiou Papandreou 49, Patra', 'casino,point_of_interest,establishment', '38.2337199,21.7457107', 3.7, 18, '18,22,0,0,0,0,0,0,0,0,59,27,45,86,81,36,9,0,0,0,13,36,54,40,13,4,0,0,0,0,0,0,0,0,81,45,63,90,63,22,0,0,4,13,27,40,45,36,18,9,0,0,0,0,0,0,0,0,100,72,45,45,45,27,13,4,9,13,18,22,18,9,4,0,0,0,0,0,0,0,0,0,77,72,77,68,40,18,9,13,18,27,36,40,36,27,18,9,0,0,0,0,0,0,0,0,63,68,72,59,36,13,4,0,4,9,27,50,68,68,50,27,9,4,0,0,0,0,0,0,22,36,50,54,54,45,27,18,9,4,4,9,18,22,22,18,9,4,0,0,0,0,0,0,13,22,27,31,31,27,22,18,18,22,31,36,27,13', 0),
('ChIJV-Z3PRw2XhMRP_npsTE0kOI', 'Kokois George', 'Dorileou 4, Patra', 'food,point_of_interest,store,establishment', '38.2337265,21.7454872', 4.8, 25, '0,0,0,0,0,0,0,0,0,18,27,6,9,45,30,3,6,0,0,0,0,0,0,0,0,0,0,0,0,0,0,0,15,42,69,72,51,27,15,15,21,27,30,30,24,0,0,0,0,0,0,0,0,0,0,0,3,12,36,69,87,75,48,30,27,0,0,0,0,0,0,0,0,0,0,0,0,0,0,0,18,33,48,54,48,36,21,15,12,12,12,24,30,0,0,0,0,0,0,0,0,0,0,0,0,12,33,84,75,27,12,9,12,24,42,39,21,0,0,0,0,0,0,0,0,0,0,0,15,30,51,81,100,100,78,51,30,18,9,0,0,0,0,0,0,0,0,0,0,0,0,0,0,0,0,0,0,0,0,0,0,0,0,0,0,0,0,0', 0),
('ChIJ-TKYmx02XhMRhtJ7X9WTjPI', 'Eurobank', 'Kalavriton 32, Patra', 'bank,atm,finance,point_of_interest,establishment', '38.2356626,21.7460654', 3.3, 23, '0,0,0,0,0,0,0,0,80,100,90,90,81,56,0,0,0,0,0,0,0,0,0,0,0,0,0,0,0,0,0,0,45,65,72,76,82,67,0,0,0,0,0,0,0,0,0,0,0,0,0,0,0,0,0,0,52,79,87,77,91,80,0,0,0,0,0,0,0,0,0,0,0,0,0,0,0,0,0,0,29,49,66,72,67,53,0,0,0,0,0,0,0,0,0,0,0,0,0,0,0,0,0,0,47,67,77,79,72,51,0,0,0,0,0,0,0,0,0,0,0,0,0,0,0,0,0,0,0,0,0,0,0,0,0,0,0,0,0,0,0,0,0,0,0,0,0,0,0,0,0,0,0,0,0,0,0,0,0,0,0,0,0,0,0,0,0,0', 73),
('ChIJA8EOiMk3XhMRfLK_6kRsJS4', 'ΕΙΔΙΚΗ ΘΕΡΑΠΕΥΤΙΚΗ ΠΑΡΕΜΒΑΣΗ - Λογοθεραπεία, Λογοθεραπευτές Πάτρα - Σακκογιάννη Ράνια', 'Kalavriton 24-26, Patra', 'health,point_of_interest,establishment', '38.2363018,21.7458576', 5, 10, '0,0,0,0,0,0,0,0,0,0,2,0,0,0,12,24,24,26,43,48,31,0,0,0,0,0,0,0,0,0,0,0,0,0,2,4,9,0,31,46,56,68,75,68,48,0,0,0,0,0,0,0,0,0,0,0,0,0,9,19,9,2,7,17,34,53,65,60,43,24,0,0,0,0,0,0,0,0,0,0,0,4,4,4,2,9,39,85,100,78,78,80,43,0,0,0,0,0,0,0,0,0,0,0,0,2,4,7,12,14,17,17,17,19,21,21,14,0,0,0,0,0,0,0,0,0,0,0,0,0,0,0,0,0,0,0,0,0,0,0,0,0,0,0,0,0,0,0,0,0,0,0,0,0,0,0,0,0,0,0,0,0,0,0,0,0,0,0', 0),
('ChIJXw7utONJXhMRtc156JXTs80', 'MILOS', '3ou Oreivatikoy 24, Patra', 'bakery,cafe,food,point_of_interest,store,establishment', '38.2393423,21.7453243', 4.5, 49, '0,0,0,0,0,7,15,28,44,58,64,61,48,33,20,12,11,15,21,25,26,21,0,0,0,0,0,0,0,1,9,44,75,72,84,100,95,72,47,31,25,26,27,27,25,22,0,0,0,0,0,0,0,5,16,34,51,57,50,41,35,32,30,28,28,31,33,32,26,18,0,0,0,0,0,0,0,1,9,35,66,65,45,37,35,30,22,17,17,20,22,22,21,17,0,0,0,0,0,0,0,12,27,42,47,42,40,44,44,34,22,19,22,28,30,28,22,15,0,0,0,0,0,0,0,2,11,24,30,30,38,52,52,37,20,11,11,13,15,17,16,14,0,0,0,0,0,0,0,2,7,14,25,37,43,42,34,23,15,12,13,15,18,18,18,15,0,0', 0),
('ChIJ1f_1SOJJXhMRgrZ3x59ZKNw', 'Coffeebrands', '3ou Oreivatikoy 10, Patra', 'cafe,food,point_of_interest,store,establishment', '38.2387101,21.7452574', 4.3, 82, '0,0,0,0,0,0,23,39,52,58,58,57,53,47,34,22,14,20,38,57,60,44,0,0,0,0,0,0,0,0,7,19,34,57,79,95,100,90,71,49,34,38,55,71,66,44,0,0,0,0,0,0,0,0,11,28,53,74,77,65,60,58,39,17,14,31,58,76,69,44,0,0,0,0,0,0,0,0,17,30,42,53,61,69,74,73,63,50,42,46,55,60,52,34,0,0,0,0,0,0,0,0,20,50,63,50,46,63,74,63,41,26,26,31,36,38,33,25,0,0,0,0,0,0,0,0,19,26,33,41,47,52,53,52,46,38,31,31,39,46,46,36,0,0,0,0,0,0,0,0,14,20,30,39,47,52,49,42,33,23,20,30,61,80,58,25,0,0', 0),
('ChIJw7aMQeJJXhMR4F6A4HR7Kio', 'Cooper Coffee & Snack', '3ου ορειβατικού κ, Maragkopoulou, Patra', 'cafe,food,point_of_interest,establishment', '38.2381535,21.7453787', 4.4, 415, '2,2,2,2,2,2,2,2,26,54,75,80,66,41,15,2,2,13,40,64,70,54,26,2,2,2,2,2,2,2,2,8,31,60,84,94,82,52,18,2,2,2,30,57,65,47,15,2,2,2,2,2,2,2,2,2,19,48,71,79,66,39,12,2,6,35,71,92,83,49,11,2,2,2,2,2,2,2,2,2,10,34,57,68,60,40,15,2,2,6,33,66,83,73,42,11,2,2,2,2,2,2,2,2,19,47,70,77,65,38,9,2,2,4,33,59,64,44,14,2,2,2,2,2,2,2,2,2,2,12,48,88,100,74,36,14,12,21,30,35,33,25,13,2,2,2,2,2,2,2,2,8,33,60,81,90,82,60,33,13,12,32,60,76,65,33,2,2', 77),
('ChIJbaPLFeJJXhMRYPqDu15HzSs', 'Kotsokolos Konstantinos', 'Karatza 116, Patra', 'restaurant,food,point_of_interest,establishment', '38.2378572,21.7447693', 4.6, 87, '0,0,0,0,0,0,0,0,0,0,0,0,18,21,23,26,27,27,27,34,55,69,65,77,60,0,0,0,0,0,0,0,0,0,0,0,15,17,26,46,53,36,27,38,55,69,72,60,42,0,0,0,0,0,0,0,0,0,0,0,34,39,44,47,47,44,42,46,59,76,82,67,39,0,0,0,0,0,0,0,0,0,0,0,27,34,39,40,38,32,30,38,57,80,85,68,39,0,0,0,0,0,0,0,0,0,0,0,31,36,39,39,38,34,28,27,50,93,100,85,68,0,0,0,0,0,0,0,0,0,0,0,35,43,47,47,42,34,27,28,44,73,98,92,60,0,0,0,0,0,0,0,0,0,0,0,6,7,10,11,13,15,22,32,47,59,60,50', 0),
('ChIJAVs4m443XhMRBbxmCCI6f5Y', 'εν σωματι', 'Ελευθερίου Βενιζέλου 59 &, Delvinou, Patra', 'gym,health,point_of_interest,establishment', '38.2326975,21.7307916', 4.8, 6, '0,0,0,0,0,0,0,0,0,21,40,18,1,0,0,0,6,25,55,71,56,30,15,0,0,0,0,0,0,0,0,0,0,46,40,25,10,3,1,3,16,41,61,56,46,56,40,0,0,0,0,0,0,0,0,0,0,20,36,20,3,0,0,0,0,30,73,100,76,35,13,0,0,0,0,0,0,0,0,0,0,50,46,31,16,6,3,5,15,26,33,30,30,35,11,0,0,0,0,0,0,0,0,0,0,18,53,33,5,8,11,0,8,23,40,46,38,0,0,0,0,0,0,0,0,0,0,0,0,0,0,0,0,0,0,0,0,0,0,0,0,0,0,0,0,0,0,0,0,0,0,0,0,0,0,0,0,0,0,0,0,0,0,0,0,0,0,0', 0),
('ChIJsTB4eiQ2XhMRYHsB0svbUhI', 'AutoSport', 'Eleftheriou Venizelou 42-46, Patra', 'car_repair,point_of_interest,establishment', '38.2325365,21.7311391', 4.7, 87, '0,0,0,0,0,0,0,0,23,64,63,63,70,59,34,0,0,0,0,0,0,0,0,0,0,0,0,0,0,0,0,0,36,48,59,63,61,52,41,0,0,37,56,65,51,0,0,0,0,0,0,0,0,0,0,0,31,68,63,47,75,83,45,0,0,0,0,0,0,0,0,0,0,0,0,0,0,0,0,0,29,47,62,69,64,49,32,0,0,34,54,61,44,0,0,0,0,0,0,0,0,0,0,0,30,51,73,84,81,64,43,0,0,49,65,66,48,0,0,0,0,0,0,0,0,0,0,0,27,52,64,72,94,100,62,0,0,0,0,0,0,0,0,0,0,0,0,0,0,0,0,0,0,0,0,0,0,0,0,0,0,0,0,0,0,0,0,0', 0),
('ChIJNce1WSQ2XhMRCxdWbKOr_8M', 'Cafe Ανδρέας', 'Solomous 140, Patra', 'cafe,food,point_of_interest,establishment', '38.2324011,21.7295204', 3.2, 18, '27,0,0,0,0,0,0,2,2,10,34,63,78,59,29,10,6,12,25,36,42,42,42,40,38,0,0,0,0,0,0,10,10,10,14,44,100,82,29,17,21,31,44,61,72,74,63,48,34,0,0,0,0,0,0,6,19,44,70,74,57,29,12,8,12,21,34,46,59,63,63,55,42,0,0,0,0,0,0,4,12,29,53,72,72,55,34,17,10,14,31,57,82,95,87,61,36,0,0,0,0,0,0,2,6,19,42,63,63,42,19,6,2,8,27,53,59,48,44,46,40,0,0,0,0,0,0,0,2,10,38,76,85,53,17,4,2,10,34,57,57,44,42,48,44,0,0,0,0,0,0,6,6,14,44,78,76,40,17,14,21,31,46,59,65,63,55,40', 0),
('ChIJD12aA_c3XhMR3g61s7cKpQc', 'Πασαγιάννης Όμηρος', 'Kontogouri 10, Patra', 'grocery_or_supermarket,food,point_of_interest,store,establishment', '38.2313294,21.7315513', 4.8, 4, '0,0,0,0,0,0,0,0,0,0,17,35,58,64,47,23,17,29,47,52,52,35,0,0,0,0,0,0,0,0,0,17,23,29,35,41,47,52,52,52,52,47,41,47,64,58,0,0,0,0,0,0,0,0,0,11,11,23,29,35,41,47,52,52,52,52,58,58,47,35,0,0,0,0,0,0,0,0,0,11,23,35,47,52,58,52,47,47,52,52,52,47,35,23,0,0,0,0,0,0,0,0,0,0,17,23,11,11,100,88,35,41,52,58,64,64,58,52,0,0,0,0,0,0,0,0,0,17,23,29,35,35,41,41,35,35,35,35,35,29,29,23,0,0,0,0,0,0,0,0,0,0,11,29,47,52,41,23,17,17,23,35,41,35,29,17,0,0', 0),
('ChIJgwBl6SU2XhMRMjbygjBSboQ', 'Patras Moto Technology', 'Dimitriou Maximou 8, Patra', 'car_repair,point_of_interest,store,establishment', '38.2343377,21.7259251', 4.9, 105, '0,0,0,0,0,0,0,0,13,31,55,68,65,51,58,51,0,0,0,0,0,0,0,0,0,0,0,0,0,0,0,0,20,51,65,44,20,51,100,48,0,0,0,0,0,0,0,0,0,0,0,0,0,0,0,0,24,41,65,82,86,79,62,44,0,0,0,0,0,0,0,0,0,0,0,0,0,0,0,0,13,24,41,51,51,41,24,10,0,0,0,0,0,0,0,0,0,0,0,0,0,0,0,0,6,17,34,51,65,68,58,37,0,0,0,0,0,0,0,0,0,0,0,0,0,0,0,0,34,58,72,72,58,34,0,0,0,0,0,0,0,0,0,0,0,0,0,0,0,0,0,0,0,0,0,0,0,0,0,0,0,0,0,0,0,0,0,0', 0),
('ChIJeT2kxTo2XhMRCntpyoHXt2A', 'ΚΟΥΝΑΒΗΣ ΑΝΔΡΕΑΣ', 'Salaminos 30, Patra', 'store,point_of_interest,establishment', '38.2293827,21.727438', 4.2, 11, '0,0,0,0,0,0,0,36,61,73,66,59,71,91,91,0,0,0,0,0,0,0,0,0,0,0,0,0,0,0,0,29,56,75,85,87,91,89,78,0,0,0,0,0,0,0,0,0,0,0,0,0,0,0,0,22,68,98,87,82,92,100,87,0,0,0,0,0,0,0,0,0,0,0,0,0,0,0,0,45,80,70,61,73,80,77,63,0,0,0,0,0,0,0,0,0,0,0,0,0,0,0,0,43,70,64,71,73,84,91,82,0,0,0,0,0,0,0,0,0,0,0,0,0,0,0,0,0,35,49,49,45,47,33,0,0,0,0,0,0,0,0,0,0,0,0,0,0,0,0,0,0,0,0,0,0,0,0,0,0,0,0,0,0,0,0,0,0', 0),
('ChIJP-URlSY2XhMRXXseyEczfzI', 'MY COFFEE', 'Solomous 82Α, Patra', 'cafe,food,point_of_interest,store,establishment', '38.2357848,21.7300455', 4.6, 62, '0,0,0,0,0,0,0,0,45,58,67,70,69,64,55,48,49,57,71,81,80,68,0,0,0,0,0,0,0,0,0,0,50,65,75,76,68,57,45,41,42,50,60,68,72,70,0,0,0,0,0,0,0,0,0,0,63,87,100,92,70,49,38,42,52,65,75,78,71,58,0,0,0,0,0,0,0,0,0,0,58,71,77,75,67,57,51,50,54,64,76,88,93,86,0,0,0,0,0,0,0,0,0,0,48,62,70,70,63,52,43,40,43,51,62,69,70,64,0,0,0,0,0,0,0,0,0,0,46,48,49,51,54,51,43,34,30,35,46,54,55,47,0,0,0,0,0,0,0,0,0,0,0,27,40,50,52,45,35,29,29,35,42,44,40,0,0,0', 0),
('ChIJR56ibOhJXhMRc3gu6QZZ8ek', 'Μπουκέτο Μπαλόνια', 'Korinthou, Patra', 'store,point_of_interest,establishment', '38.2357305,21.7278594', 4.4, 34, '0,0,0,0,0,0,0,0,43,60,74,79,75,67,55,44,32,0,0,0,0,0,0,0,0,0,0,0,0,0,0,0,55,75,72,87,89,74,56,0,0,56,60,58,51,41,0,0,0,0,0,0,0,0,0,0,34,56,68,84,96,89,70,51,43,0,0,0,0,0,0,0,0,0,0,0,0,0,0,0,25,46,67,75,72,62,55,0,0,74,75,68,55,37,0,0,0,0,0,0,0,0,0,0,53,56,51,68,87,89,70,0,0,46,65,77,68,48,0,0,0,0,0,0,0,0,0,0,29,48,72,91,100,96,82,65,0,0,0,0,0,0,0,0,0,0,0,0,0,0,0,0,0,0,0,0,0,0,0,0,0,0,0,0,0,0,0,0', 0);
INSERT INTO `poi` (`id`, `name`, `address`, `types`, `coords`, `rating`, `rating_n`, `populartimes`, `current_popularity`) VALUES
('ChIJUf_lbyY2XhMRg9OS_Tm8jC4', 'auto giannakopoulos', 'Korinthou 483, Patra', 'car_dealer,point_of_interest,store,establishment', '38.2357101,21.7278575', 4.4, 30, '0,0,0,0,0,0,0,0,0,51,53,61,82,78,51,36,32,0,0,0,0,0,0,0,0,0,0,0,0,0,0,0,0,53,67,76,75,65,48,0,0,0,78,96,63,0,0,0,0,0,0,0,0,0,0,0,0,88,82,63,86,100,55,19,9,0,0,0,0,0,0,0,0,0,0,0,0,0,0,0,0,50,61,61,63,67,36,0,0,0,48,65,63,0,0,0,0,0,0,0,0,0,0,0,0,57,65,57,57,57,51,0,0,0,65,76,53,0,0,0,0,0,0,0,0,0,0,0,0,17,26,32,30,23,0,0,0,0,0,0,0,0,0,0,0,0,0,0,0,0,0,0,0,0,0,0,0,0,0,0,0,0,0,0,0,0,0,0', 0),
('ChIJmxF_PCc2XhMRJpnrz44FtbU', 'Ανδρικόπουλος Super Market', 'Solomous 53, Patra', 'grocery_or_supermarket,food,point_of_interest,store,establishment', '38.2378785,21.7305419', 4.4, 107, '0,0,0,0,0,0,0,0,31,62,75,80,98,97,62,32,25,26,28,27,25,0,0,0,0,0,0,0,0,0,0,0,42,65,58,56,99,100,50,33,37,41,43,42,38,0,0,0,0,0,0,0,0,0,0,0,31,49,67,81,84,76,62,50,42,40,39,36,30,0,0,0,0,0,0,0,0,0,0,0,32,45,55,70,91,99,80,50,32,28,28,28,26,0,0,0,0,0,0,0,0,0,0,0,32,70,73,46,65,95,54,38,41,41,40,36,30,0,0,0,0,0,0,0,0,0,0,0,27,53,77,83,67,62,71,31,26,28,28,25,0,0,0,0,0,0,0,0,0,0,0,0,0,0,0,0,0,0,0,0,0,0,0,0,0,0,0,0', 0),
('ChIJKy7R3SY2XhMReaxikN_Jbb0', 'NIKOLOPOULOS PANAGIOTIS \"TO PARADOSIAKO PSOMI\"', 'Solomous 75, Patra', 'bakery,food,point_of_interest,store,establishment', '38.2367694,21.7303194', 3, 2, '0,0,0,0,0,0,21,28,35,35,42,42,42,35,28,21,14,0,14,50,57,0,0,0,0,0,0,0,0,0,0,28,42,57,64,57,42,28,14,7,35,64,28,64,92,0,0,0,0,0,0,0,0,0,0,21,21,21,35,50,50,50,35,28,28,28,28,28,28,0,0,0,0,0,0,0,0,0,0,0,0,28,42,50,57,50,28,14,7,0,14,21,21,0,0,0,0,0,0,0,0,0,0,7,21,35,42,50,50,42,28,28,42,57,71,64,42,0,0,0,0,0,0,0,0,0,0,14,21,28,42,78,100,64,21,0,0,0,0,0,0,0,0,0,0,0,0,0,0,0,0,0,0,0,0,0,0,0,0,0,0,0,0,0,0,0,0,0', 0),
('ChIJ8YFRQhs3XhMRSTMUbYu6zCw', 'Pet Beauty G.S.', 'Βορείου Ηπείρου 170 και, Maizonos, Patra', 'hair_care,pet_store,point_of_interest,store,establishment', '38.2334675,21.7267902', 4.2, 34, '0,0,0,0,0,0,0,0,0,13,55,82,72,65,55,0,0,48,96,100,48,0,0,0,0,0,0,0,0,0,0,0,0,13,31,58,75,68,41,0,0,24,55,62,37,0,0,0,0,0,0,0,0,0,0,0,0,37,62,75,72,51,27,0,0,24,58,79,48,0,0,0,0,0,0,0,0,0,0,0,0,41,58,75,82,79,62,0,0,48,65,48,31,0,0,0,0,0,0,0,0,0,0,0,0,17,44,72,75,58,34,0,0,27,34,51,37,0,0,0,0,0,0,0,0,0,0,0,0,20,27,44,75,79,51,0,0,0,0,0,0,0,0,0,0,0,0,0,0,0,0,0,0,0,0,0,0,0,0,0,0,0,0,0,0,0,0,0', 0),
('ChIJDU4ldCU2XhMRhYQRDJHqYB8', 'Carspa', 'Parnassou 17, Patra', 'car_wash,point_of_interest,establishment', '38.2325802,21.7271952', 4.6, 10, '0,0,0,0,0,0,0,0,40,60,72,72,68,68,68,56,44,36,28,20,0,0,0,0,0,0,0,0,0,0,0,0,32,40,40,40,52,64,64,52,36,28,32,28,0,0,0,0,0,0,0,0,0,0,0,0,48,88,84,48,40,72,100,0,0,0,0,0,0,0,0,0,0,0,0,0,0,0,0,0,20,32,40,36,32,32,32,28,20,12,4,4,0,0,0,0,0,0,0,0,0,0,0,0,64,72,36,44,76,84,56,28,16,16,16,12,0,0,0,0,0,0,0,0,0,0,0,0,44,64,48,24,28,44,36,16,8,16,28,28,0,0,0,0,0,0,0,0,0,0,0,0,0,0,0,0,0,0,0,0,0,0,0,0,0,0,0,0', 0),
('ChIJbzH1X0E3XhMRIZIsCrlLqgY', 'Το Φωτεινό Αστέρι', 'Themistokleous 116, Patra', 'point_of_interest,establishment', '38.2331756,21.7281392', 4.7, 27, '0,0,0,0,0,0,0,0,0,0,7,14,11,3,0,0,0,14,18,14,7,0,0,0,0,0,0,0,0,0,0,0,0,0,18,29,33,29,0,0,0,7,14,14,7,0,0,0,0,0,0,0,0,0,0,0,0,0,51,62,48,25,0,0,0,14,14,11,3,0,0,0,0,0,0,0,0,0,0,0,0,0,33,40,33,18,0,0,0,44,55,51,40,0,0,0,0,0,0,0,0,0,0,0,0,0,70,100,81,37,0,0,0,18,22,22,14,0,0,0,0,0,0,0,0,0,0,0,0,25,40,55,55,44,0,0,0,0,0,0,0,0,0,0,0,0,0,0,0,0,0,0,0,0,0,0,0,0,0,0,0,0,0,0,0,0,0,0', 0),
('ChIJH2IPqSU2XhMRx52dM-Uwiwc', 'Σκλαβενίτης', 'Parnassou 16, Patra', 'supermarket,grocery_or_supermarket,food,point_of_interest,store,establishment', '38.2326749,21.7281626', 4.5, 725, '0,0,0,0,0,0,0,0,21,34,47,58,64,63,56,45,39,56,93,100,56,0,0,0,0,0,0,0,0,0,0,0,17,30,44,56,63,63,55,43,33,40,64,79,56,0,0,0,0,0,0,0,0,0,0,0,19,32,48,62,70,69,61,47,36,41,71,88,57,0,0,0,0,0,0,0,0,0,0,0,20,33,45,54,56,52,42,32,26,36,60,71,49,0,0,0,0,0,0,0,0,0,0,0,13,24,37,50,57,56,48,38,34,44,66,79,62,0,0,0,0,0,0,0,0,0,0,0,21,38,60,82,97,99,90,75,69,82,89,66,0,0,0,0,0,0,0,0,0,0,0,0,0,0,0,0,0,0,0,0,0,0,0,0,0,0,0,0', 63),
('ChIJa4Go5yc2XhMR-30hKzhbx_c', 'My market', '12, Akti Dimeon 14, Patra', 'supermarket,grocery_or_supermarket,food,point_of_interest,store,establishment', '38.2392673,21.7262653', 4.5, 504, '0,0,0,0,0,0,0,0,20,32,44,56,65,69,68,61,51,42,55,91,69,0,0,0,0,0,0,0,0,0,0,0,18,33,49,64,73,73,64,51,41,42,50,53,39,0,0,0,0,0,0,0,0,0,0,0,24,37,48,56,62,68,69,62,49,48,74,86,51,0,0,0,0,0,0,0,0,0,0,0,16,24,36,51,65,70,62,44,29,32,51,55,30,0,0,0,0,0,0,0,0,0,0,0,15,26,38,50,60,64,63,56,47,40,51,66,45,0,0,0,0,0,0,0,0,0,0,0,14,28,48,70,89,100,98,85,70,71,88,76,33,0,0,0,0,0,0,0,0,0,0,0,0,0,0,0,0,0,0,0,0,0,0,0,0,0,0,0', 57),
('ChIJxyaKVWlJXhMRKU0T1zcjjBo', 'nias hair art', 'Mesologgiou 19, Patra', 'hair_care,point_of_interest,establishment', '38.2397484,21.7333301', 4.3, 6, '0,0,0,0,0,0,0,0,0,0,0,0,0,0,0,0,0,0,0,0,0,0,0,0,0,0,0,0,0,0,0,0,0,40,51,48,35,0,0,0,0,42,83,100,75,0,0,0,0,0,0,0,0,0,0,0,0,33,29,33,53,55,29,0,0,0,0,0,0,0,0,0,0,0,0,0,0,0,0,0,0,0,0,33,40,46,50,55,57,51,51,85,0,0,0,0,0,0,0,0,0,0,0,0,0,0,0,37,38,64,72,51,44,50,53,50,0,0,0,0,0,0,0,0,0,0,0,0,0,51,72,66,59,61,61,44,0,0,0,0,0,0,0,0,0,0,0,0,0,0,0,0,0,0,0,0,0,0,0,0,0,0,0,0,0,0,0,0', 0),
('ChIJ88kULCM2XhMRXqQTjKQz9-s', 'La Taste Ζαχαροπλαστείο', 'Agiou Ioanni Pratsika 71, Patra', 'shopping_mall,food,point_of_interest,store,establishment', '38.2290611,21.7343507', 4.6, 103, '0,0,0,0,0,0,0,0,32,50,64,79,85,82,70,55,41,38,50,58,44,0,0,0,0,0,0,0,0,0,0,0,5,26,52,58,47,41,38,26,20,38,67,85,76,0,0,0,0,0,0,0,0,0,0,0,32,50,70,82,79,64,44,26,17,23,44,52,38,0,0,0,0,0,0,0,0,0,0,0,17,32,50,67,73,70,55,38,26,29,41,50,35,0,0,0,0,0,0,0,0,0,0,0,23,35,47,55,58,58,50,41,29,23,41,67,64,0,0,0,0,0,0,0,0,0,0,0,41,52,58,58,47,38,32,35,47,58,58,47,32,0,0,0,0,0,0,0,0,0,0,0,20,29,38,50,58,64,67,64,58,52,100,100,23,0,0,0', 0),
('ChIJB0BpiiM2XhMR0j9vb-iKkoc', 'Play Opap Ε. Βενιζέλου 65', 'Eleftheriou Venizelou 65, Patra', 'casino,point_of_interest,establishment', '38.232847,21.7317312', 4, 39, '50,36,0,0,0,0,0,0,0,0,41,59,72,81,79,70,59,52,51,56,66,72,72,64,51,36,0,0,0,0,0,0,0,0,44,56,66,68,64,58,54,55,63,72,77,72,64,56,45,32,0,0,0,0,0,0,0,0,45,64,72,68,59,55,62,63,54,47,58,74,81,71,51,28,0,0,0,0,0,0,0,0,44,60,66,63,58,56,59,59,58,52,50,47,44,39,32,22,0,0,0,0,0,0,0,0,47,71,91,100,91,72,50,32,24,31,50,71,87,87,71,48,27,12,0,0,0,0,0,0,50,77,89,79,63,52,51,55,59,60,62,63,63,62,58,51,41,32,0,0,0,0,0,0,31,43,52,55,52,48,45,50,58,67,74,77,71,62', 0),
('ChIJnyLA8iM2XhMR2MQ82SsQXww', 'Micromed Διαγνωστικά', 'Eleftheriou Venizelou 67, Patra', 'store,point_of_interest,establishment', '38.2330242,21.7323019', 4.8, 4, '0,0,0,0,0,0,0,0,0,31,62,79,68,51,68,100,86,0,0,0,0,0,0,0,0,0,0,0,0,0,0,0,0,55,65,41,72,86,68,55,55,0,0,0,0,0,0,0,0,0,0,0,0,0,0,0,0,41,79,96,86,79,96,100,68,0,0,0,0,0,0,0,0,0,0,0,0,0,0,0,0,37,48,48,51,65,82,93,82,0,0,0,0,0,0,0,0,0,0,0,0,0,0,0,0,31,44,51,62,75,72,58,65,0,0,0,0,0,0,0,0,0,0,0,0,0,0,0,0,0,0,0,0,0,0,0,0,0,0,0,0,0,0,0,0,0,0,0,0,0,0,0,0,0,0,0,0,0,0,0,0,0,0,0,0,0,0,0', 0),
('ChIJLbeqKhk2XhMRKRTbz6Mkha4', 'ΓΑΣΠΑΡΙΝΑΤΟΥ ΠΑΥΛΙΝΑ ΘΕΟΦΑΝΗΣ', 'Ionias 103, Patra', 'hair_care,point_of_interest,establishment', '38.2325637,21.7407228', 5, 21, '0,0,0,0,0,0,0,0,0,0,0,0,0,0,0,0,0,0,0,0,0,0,0,0,0,0,0,0,0,0,0,0,0,0,0,0,0,0,0,0,0,0,0,0,0,0,0,0,0,0,0,0,0,0,0,0,0,7,23,61,100,92,0,0,0,0,0,0,0,0,0,0,0,0,0,0,0,0,0,0,0,0,15,15,15,15,30,53,69,76,53,0,0,0,0,0,0,0,0,0,0,0,0,0,0,0,46,100,84,53,53,61,61,61,53,38,0,0,0,0,0,0,0,0,0,0,0,0,0,30,69,53,53,69,69,61,0,0,0,0,0,0,0,0,0,0,0,0,0,0,0,0,0,0,0,0,0,0,0,0,0,0,0,0,0,0,0,0', 0),
('ChIJFUgUqwY3XhMR_pCBkFi8rdI', 'Μπαρμπέρικο - Barber Shop', 'Agias Triados 20, Patra', 'hair_care,health,point_of_interest,establishment', '38.237287,21.736776', 5, 57, '0,0,0,0,0,0,0,0,0,13,27,34,29,18,13,13,0,0,0,0,0,0,0,0,0,0,0,0,0,0,0,0,0,27,50,63,59,52,56,70,81,86,81,70,47,0,0,0,0,0,0,0,0,0,0,0,0,18,43,38,36,63,72,47,0,0,0,0,0,0,0,0,0,0,0,0,0,0,0,0,0,25,47,65,70,56,43,45,54,56,61,68,47,0,0,0,0,0,0,0,0,0,0,0,0,31,31,43,59,59,52,56,72,88,86,68,43,0,0,0,0,0,0,0,0,0,0,0,0,38,77,95,75,63,97,100,40,0,0,0,0,0,0,0,0,0,0,0,0,0,0,0,0,0,0,0,0,0,0,0,0,0,0,0,0,0,0,0', 0),
('ChIJv6i6xt9JXhMRVp9vNGd6MLY', 'Andrikópoulos', 'Nikita 60, Patra', 'supermarket,grocery_or_supermarket,food,point_of_interest,store,establishment', '38.2400806,21.736366', 4.5, 126, '0,0,0,0,0,0,0,0,42,54,62,69,81,95,89,65,46,48,59,62,53,0,0,0,0,0,0,0,0,0,0,0,36,49,64,77,86,88,83,71,56,47,54,69,60,0,0,0,0,0,0,0,0,0,0,0,37,54,72,85,90,85,72,55,38,30,43,71,69,0,0,0,0,0,0,0,0,0,0,0,27,43,62,76,84,81,70,56,47,48,57,60,51,0,0,0,0,0,0,0,0,0,0,0,27,41,56,69,78,81,77,66,53,45,56,81,73,0,0,0,0,0,0,0,0,0,0,0,43,54,54,68,94,100,83,68,63,60,53,43,0,0,0,0,0,0,0,0,0,0,0,0,0,0,0,0,0,0,0,0,0,0,0,0,0,0,0,0', 0),
('ChIJwdFpF-JJXhMRFRwIQP7phY8', 'Ανδρικοπουλος Super Market', 'Karatza 114, Patra', 'supermarket,grocery_or_supermarket,food,point_of_interest,store,establishment', '38.2378692,21.7444974', 4.3, 123, '0,0,0,0,0,0,0,0,32,47,62,75,82,83,76,64,53,52,60,61,43,0,0,0,0,0,0,0,0,0,0,0,24,39,54,66,72,73,69,62,53,49,61,77,63,0,0,0,0,0,0,0,0,0,0,0,31,44,57,69,77,78,74,64,54,50,58,66,52,0,0,0,0,0,0,0,0,0,0,0,22,32,42,52,58,61,58,52,45,45,54,62,53,0,0,0,0,0,0,0,0,0,0,0,34,48,62,73,80,78,70,58,47,48,65,77,58,0,0,0,0,0,0,0,0,0,0,0,24,39,58,77,92,100,97,86,71,65,78,78,0,0,0,0,0,0,0,0,0,0,0,0,0,0,0,0,0,0,0,0,0,0,0,0,0,0,0,0', 0),
('ChIJaSelXrpJXhMRn8muKjS7tz8', 'Γιαννης Χριστοπουλος ΚΡΕΟΠΩΛΕΙΟ', 'Dimitriou Gounari 212, Patra', 'food,point_of_interest,store,establishment', '38.2387755,21.7436722', 5, 3, '0,0,0,0,0,0,0,0,0,28,50,57,47,26,0,0,0,0,0,0,0,0,0,0,0,0,0,0,0,0,0,0,0,23,44,39,31,36,31,15,5,2,2,2,0,0,0,0,0,0,0,0,0,0,0,0,0,31,65,78,63,39,0,0,0,0,0,0,0,0,0,0,0,0,0,0,0,0,0,0,0,84,71,36,36,39,39,28,18,10,5,2,0,0,0,0,0,0,0,0,0,0,0,0,0,26,65,100,92,52,23,13,10,7,0,0,0,0,0,0,0,0,0,0,0,0,0,0,0,0,0,0,0,0,0,0,0,0,0,0,0,0,0,0,0,0,0,0,0,0,0,0,0,0,0,0,0,0,0,0,0,0,0,0,0,0,0,0', 0),
('ChIJ04Xm-h02XhMRovY8-bw3Cpg', 'Building Cleaning - ESTIA', 'Fokeas 49, Patra', 'home_goods_store,point_of_interest,store,establishment', '38.2364033,21.7441721', 4.6, 25, '0,0,0,0,0,0,0,0,0,53,68,78,78,78,71,62,50,0,0,0,0,0,0,0,0,0,0,0,0,0,0,0,0,53,62,71,78,90,93,87,71,0,0,0,0,0,0,0,0,0,0,0,0,0,0,0,0,40,59,81,93,100,93,81,62,0,0,0,0,0,0,0,0,0,0,0,0,0,0,0,0,31,43,56,65,71,71,65,53,0,0,0,0,0,0,0,0,0,0,0,0,0,0,0,0,59,90,100,93,87,78,68,53,0,0,0,0,0,0,0,0,0,0,0,0,0,0,0,0,0,0,0,0,0,0,0,0,0,0,0,0,0,0,0,0,0,0,0,0,0,0,0,0,0,0,0,0,0,0,0,0,0,0,0,0,0,0,0', 0),
('ChIJowSURxM3XhMRmbAxgMezpuk', 'Areti Textile', 'Ionias 39, Patra', 'point_of_interest,store,establishment', '38.2364395,21.7400384', 5, 3, '0,0,0,0,0,0,0,0,0,17,53,75,64,50,0,0,0,0,0,0,0,0,0,0,0,0,0,0,0,0,0,0,0,21,53,82,85,60,0,0,0,0,3,7,3,0,0,0,0,0,0,0,0,0,0,0,0,28,67,100,92,50,0,0,0,0,0,0,0,0,0,0,0,0,0,0,0,0,0,0,0,14,50,71,75,71,0,0,0,0,0,0,0,0,0,0,0,0,0,0,0,0,0,0,0,25,71,92,67,46,0,0,0,0,0,0,0,0,0,0,0,0,0,0,0,0,0,0,0,10,42,50,28,32,0,0,0,0,0,0,0,0,0,0,0,0,0,0,0,0,0,0,0,0,0,0,0,0,0,0,0,0,0,0,0,0,0,0', 0),
('ChIJ-f8_0B82XhMRGO3574T-GbY', 'Happytails', 'Ionias 23, Patra', 'pet_store,point_of_interest,store,establishment', '38.2372047,21.7399468', 4.6, 69, '0,0,0,0,0,0,0,0,0,30,42,46,48,42,30,0,0,0,0,0,0,0,0,0,0,0,0,0,0,0,0,0,0,21,28,28,23,15,7,3,3,17,48,76,71,36,0,0,0,0,0,0,0,0,0,0,0,42,50,48,36,23,13,0,0,0,0,0,0,0,0,0,0,0,0,0,0,0,0,0,0,17,30,36,34,23,13,7,11,19,32,44,50,46,0,0,0,0,0,0,0,0,0,0,0,55,92,100,71,36,19,17,23,28,32,34,34,32,0,0,0,0,0,0,0,0,0,0,0,13,19,30,38,32,25,0,0,0,0,0,0,0,0,0,0,0,0,0,0,0,0,0,0,0,0,0,0,0,0,0,0,0,0,0,0,0,0,0', 0),
('ChIJWQ__HeBJXhMRAKH10ZawcdQ', 'Nina Cafe Bar', 'Voulgareos 35, Patra', 'bar,restaurant,food,point_of_interest,establishment', '38.2380662,21.739193', 4, 1, '15,15,15,15,0,5,10,10,10,10,10,0,5,5,0,0,0,0,0,0,5,10,26,36,42,36,21,10,26,21,10,10,10,15,21,21,21,15,15,15,21,26,26,26,26,26,26,31,42,42,42,36,26,0,0,0,0,0,0,0,10,21,31,26,10,5,5,15,26,36,42,52,73,100,100,63,21,10,0,0,15,26,47,57,57,42,31,31,36,47,57,63,63,57,47,36,36,36,42,36,21,21,21,21,21,15,15,15,10,10,5,0,5,10,15,21,31,36,42,42,36,31,26,26,0,0,0,0,0,63,0,0,0,5,5,0,10,10,15,15,15,10,15,26,47,68,73,47,10,10,10,10,10,21,31,26,15,5,5,5,10,0,10,15,15,15,15,15', 0),
('ChIJ34_kIOBJXhMR7imf2tRjF3o', 'Hardwarestore.gr Χρωματοπωλείο Κωνσταντέλλος', 'Voulgareos 42, Patra', 'store,point_of_interest,establishment', '38.2380054,21.73935', 4.9, 8, '0,0,0,0,0,0,0,0,74,85,55,51,74,81,59,0,0,0,0,0,0,0,0,0,0,0,0,0,0,0,0,0,55,92,96,70,59,62,51,29,22,48,81,74,37,0,0,0,0,0,0,0,0,0,0,0,33,59,85,96,85,62,37,0,0,0,0,0,0,0,0,0,0,0,0,0,0,0,0,0,55,66,51,44,55,55,40,18,14,37,81,92,55,0,0,0,0,0,0,0,0,0,0,0,40,70,81,66,66,100,37,7,14,40,70,77,55,0,0,0,0,0,0,0,0,0,0,0,59,81,85,88,88,74,44,0,0,0,0,0,0,0,0,0,0,0,0,0,0,0,0,0,0,0,0,0,0,0,0,0,0,0,0,0,0,0,0,0', 0),
('ChIJg67Oa4g3XhMRfLQlSnNC9hg', 'Σαπουναρία Πάτρας (S.P)', 'Πόντου κ, Efesou 47, Patra', 'point_of_interest,store,establishment', '38.235325,21.741015', 4.8, 4, '0,0,0,0,0,0,0,0,0,20,37,48,48,39,25,16,13,16,20,25,25,23,16,11,6,4,2,0,0,0,0,0,0,13,25,37,39,34,25,18,18,20,23,25,23,20,16,11,6,4,2,0,0,0,0,0,0,13,25,37,44,44,34,23,11,6,9,30,34,13,4,4,4,4,4,0,0,0,0,0,0,20,30,39,46,44,34,0,0,0,25,32,32,0,0,0,0,0,0,0,0,0,0,0,0,46,76,97,100,81,55,0,0,0,30,34,32,0,0,0,0,0,0,0,0,0,0,0,0,23,34,41,41,34,23,0,0,0,0,0,0,0,0,0,0,0,0,0,0,0,0,0,0,0,0,0,0,0,0,0,0,0,0,0,0,0,0,0', 0),
('ChIJizF4o5o3XhMRYFqw0tvXBHM', 'Ο ΛΕΩΝΙΔΑΣ & ΟΙ 300', 'Fanariou 73, Patra', 'restaurant,food,point_of_interest,establishment', '38.2331936,21.7431569', 4.6, 5, '10,0,0,0,0,0,0,0,0,0,0,0,26,31,31,26,21,0,10,15,26,36,36,26,10,0,0,0,0,0,0,0,0,0,0,0,21,47,63,52,31,10,0,10,15,21,21,10,5,0,0,0,0,0,0,0,0,0,0,0,26,26,36,57,68,47,31,36,42,36,21,10,0,0,0,0,0,0,0,0,0,0,0,0,42,63,57,52,47,26,21,26,31,31,31,26,21,0,0,0,0,0,0,0,0,0,0,0,63,68,63,57,47,36,26,26,42,68,63,36,10,0,0,0,0,0,0,0,0,0,0,0,47,100,36,0,0,0,5,15,31,21,0,0,0,0,0,0,0,0,0,0,0,0,0,0,0,78,31,10,15,31,52,63,68,57,42,21', 0),
('ChIJS8X0pWY3XhMRzrGX7803y-8', 'Coffee Lab ΠΑΠΑΝΔΡΕΟΥ 49 ΠΑΤΡΑ', 'Leoforos Georgiou Papandreou 49, Patra', 'cafe,food,point_of_interest,establishment', '38.2338846,21.7458634', 4.6, 28, '0,0,0,0,0,11,19,31,46,60,72,77,74,64,50,35,22,17,24,43,55,44,24,0,0,0,0,0,0,9,14,21,33,48,61,68,65,54,41,33,31,36,42,46,45,38,29,0,0,0,0,0,0,6,16,34,56,74,81,77,65,52,39,30,29,36,44,51,51,46,35,0,0,0,0,0,0,9,17,29,42,56,65,67,63,52,40,31,29,34,45,56,60,55,42,0,0,0,0,0,0,11,14,22,39,66,91,100,85,58,34,19,16,22,39,57,61,47,29,0,0,0,0,0,0,9,12,18,30,47,64,70,61,43,27,18,18,24,32,37,36,31,23,0,0,0,0,0,0,0,5,11,21,34,46,52,51,45,39,38,40,45,49,51,50,46,39,0', 0),
('ChIJb6ZtRxw2XhMR3wPLklk4dic', 'elastika falieris TROXOEXPRESS', 'Leoforos Georgiou Papandreou 60, Patra', 'car_repair,point_of_interest,store,establishment', '38.2330385,21.744757', 4.9, 66, '0,0,0,0,0,0,0,0,30,48,64,69,61,48,35,28,0,0,0,0,0,0,0,0,0,0,0,0,0,0,0,0,20,48,74,71,46,58,48,17,17,17,0,0,0,0,0,0,0,0,0,0,0,0,0,0,35,51,61,71,74,61,43,30,0,0,0,0,0,0,0,0,0,0,0,0,0,0,0,0,30,56,82,92,76,51,28,17,12,12,0,0,0,0,0,0,0,0,0,0,0,0,0,0,28,51,69,76,66,48,30,17,12,10,0,0,0,0,0,0,0,0,0,0,0,0,0,0,20,41,56,71,100,92,46,0,0,0,0,0,0,0,0,0,0,0,0,0,0,0,0,0,0,0,0,0,0,0,0,0,0,0,0,0,0,0,0,0', 0),
('ChIJ17ejkhk2XhMRPsEejntj8Mc', 'Kafekouti', 'Kalavriton 23, Patra', 'point_of_interest,establishment', '38.2365668,21.7460363', 4.3, 213, '0,0,0,0,0,0,22,38,62,85,98,92,73,49,32,26,31,43,54,56,48,33,20,0,0,0,0,0,0,0,20,40,62,82,90,87,74,57,43,37,39,46,54,58,58,52,42,0,0,0,0,0,0,0,32,50,71,90,100,97,83,63,44,31,28,37,52,64,62,47,29,0,0,0,0,0,0,0,24,42,64,84,97,98,87,67,46,30,27,38,58,71,66,44,22,0,0,0,0,0,0,0,15,43,73,84,77,77,83,73,49,28,23,31,43,51,50,41,28,0,0,0,0,0,0,0,16,25,40,58,76,86,85,73,54,36,23,22,45,81,81,43,16,0,0,0,0,0,0,0,11,16,26,40,54,64,62,52,39,32,33,44,56,59,50,34,21,0', 0),
('ChIJFaU1TBw2XhMRq87NWxs61hA', 'Μυλωνάς Ζαχαροπλαστείο', 'Leoforos Georgiou Papandreou 44, Patra', 'bakery,food,point_of_interest,store,establishment', '38.2340515,21.7457064', 4.4, 107, '0,0,0,0,0,5,15,36,63,81,84,71,60,57,55,52,42,31,39,73,97,68,23,5,0,0,0,0,0,42,52,39,28,39,55,68,71,63,52,42,36,36,36,36,34,28,23,15,0,0,0,0,0,34,57,73,71,60,57,55,47,36,34,39,50,60,63,57,47,36,23,13,0,0,0,0,0,26,44,52,52,60,73,78,71,57,52,52,57,60,57,52,44,34,23,15,0,0,0,0,0,18,26,39,50,60,65,68,63,55,44,39,36,39,42,42,36,23,13,5,0,0,0,0,0,31,42,44,39,42,65,89,81,50,28,28,36,47,55,55,50,39,28,18,0,0,0,0,0,13,78,100,52,57,73,78,73,63,50,42,42,44,47,42,34,23,13,5', 0),
('ChIJj56MreNJXhMRWAsKa0J8W4k', 'Δακόλα Αγγελική Α', 'Paleon Patron Germanou 183-193, Patra', 'hair_care,point_of_interest,establishment', '38.239739,21.7458183', 4.9, 25, '0,0,0,0,0,0,0,0,0,0,0,0,0,0,0,0,0,0,0,0,0,0,0,0,0,0,0,0,0,0,0,0,0,87,100,98,92,81,64,46,42,55,62,50,27,0,0,0,0,0,0,0,0,0,0,0,0,74,57,55,62,46,25,12,11,11,11,9,9,7,5,3,3,1,0,0,0,0,0,0,0,0,31,48,61,64,59,61,68,59,31,0,0,0,0,0,0,0,0,0,0,0,0,0,0,37,50,51,40,25,18,22,40,70,87,77,50,0,0,0,0,0,0,0,0,0,0,0,0,62,74,55,35,35,48,48,0,0,0,0,0,0,0,0,0,0,0,0,0,0,0,0,0,0,0,0,0,0,0,0,0,0,0,0,0,0,0,0', 0),
('ChIJE5rqhOFJXhMREi7B5EA45Dw', 'Tip Top', 'Dimitriou Gounari 223, Patra', 'restaurant,food,point_of_interest,establishment', '38.2385156,21.7444552', 4.6, 102, '0,0,0,0,0,0,0,0,8,10,12,12,14,14,16,16,20,26,34,46,52,52,44,30,0,0,0,0,0,0,0,0,4,4,6,8,12,18,22,24,24,22,20,30,60,90,82,46,0,0,0,0,0,0,0,0,10,14,18,22,26,28,26,24,18,12,8,10,40,100,82,22,0,0,0,0,0,0,0,0,4,26,16,8,12,14,18,18,18,16,14,18,36,66,74,46,0,0,0,0,0,0,0,0,4,8,12,18,24,26,28,28,30,32,38,46,54,54,46,32,0,0,0,0,0,0,0,0,4,4,6,6,8,12,22,32,40,38,28,26,48,84,82,42,0,0,0,0,0,0,0,0,0,0,0,0,0,0,0,0,0,0,8,22,52,70,52,22', 0),
('ChIJ0RiAPOJJXhMR9e-rNN13X9o', 'Moto Shop Sotirios Andreou', 'Dimitriou Gounari 229, Patra', 'car_repair,point_of_interest,store,establishment', '38.2384409,21.7446494', 4.6, 51, '0,0,0,0,0,0,0,0,0,34,56,78,82,65,43,21,0,0,0,0,0,0,0,0,0,0,0,0,0,0,0,0,0,30,39,39,100,69,26,17,0,0,0,0,0,0,0,0,0,0,0,0,0,0,0,0,0,30,73,39,73,78,52,21,0,0,0,0,0,0,0,0,0,0,0,0,0,0,0,0,0,17,56,73,52,56,56,30,0,0,0,0,0,0,0,0,0,0,0,0,0,0,0,0,0,21,52,78,60,47,52,52,0,0,0,0,0,0,0,0,0,0,0,0,0,0,0,0,0,13,34,56,56,39,0,0,0,0,0,0,0,0,0,0,0,0,0,0,0,0,0,0,0,0,0,0,0,0,0,0,0,0,0,0,0,0,0,0', 0),
('ChIJ0xg-_4BJXhMRADzrgzcpuh4', 'ΖΕΛΕΚΤ ΑΕ', 'Kalavriton 2, Patra', 'shopping_mall,point_of_interest,establishment', '38.2377884,21.7451985', 4.4, 115, '0,0,0,0,0,0,0,0,33,67,83,66,57,58,23,0,0,30,53,50,25,0,0,0,0,0,0,0,0,0,0,0,30,62,73,78,92,75,33,0,0,26,50,55,35,0,0,0,0,0,0,0,0,0,0,0,35,69,73,62,64,50,21,0,0,30,48,50,33,0,0,0,0,0,0,0,0,0,1,8,28,57,80,94,82,41,10,0,0,28,48,48,28,0,0,0,0,0,0,0,0,0,0,0,21,50,83,100,89,57,26,0,0,17,39,53,42,0,0,0,0,0,0,0,0,0,0,0,39,60,67,64,67,64,39,0,0,0,0,0,0,0,0,0,0,0,0,0,0,0,0,0,0,0,0,0,0,0,0,0,0,0,0,0,0,0,0,0', 0),
('ChIJVQ35PeJJXhMRfqL9-SJiiv0', 'Marouda square', 'Karatza 114, Patra', 'town_square,point_of_interest,establishment', '38.2381883,21.7446046', 3.9, 299, '1,1,1,1,1,1,1,16,34,50,61,65,62,52,40,27,19,19,27,40,52,55,47,29,7,1,1,1,1,1,16,34,47,56,63,68,70,65,55,43,36,38,48,60,68,64,50,29,5,1,1,1,1,1,9,28,47,62,70,70,62,50,38,30,29,35,45,55,57,51,35,15,1,1,1,1,1,1,1,11,31,55,80,97,100,86,63,41,30,36,55,76,87,82,60,29,1,1,1,1,1,1,5,25,45,63,76,81,78,69,54,38,28,28,40,58,72,72,55,26,1,1,1,1,1,1,1,2,15,27,37,44,48,46,38,28,18,15,20,30,39,42,35,21,2,1,1,1,1,1,1,1,1,0,4,9,11,9,2,1,1,0,11,22,29,28,18,4', 42),
('ChIJn65BbOJJXhMRRvBmSjqKNX0', 'Zelekt S.A.', 'Kalavriton 2, Patra', 'electronics_store,point_of_interest,store,establishment', '38.2377683,21.7452253', 4.4, 115, '0,0,0,0,0,0,0,0,33,67,83,66,57,58,23,0,0,30,53,50,25,0,0,0,0,0,0,0,0,0,0,0,30,62,73,78,92,75,33,0,0,26,50,55,35,0,0,0,0,0,0,0,0,0,0,0,35,69,73,62,64,50,21,0,0,30,48,50,33,0,0,0,0,0,0,0,0,0,1,8,28,57,80,94,82,41,10,0,0,28,48,48,28,0,0,0,0,0,0,0,0,0,0,0,21,50,83,100,89,57,26,0,0,17,39,53,42,0,0,0,0,0,0,0,0,0,0,0,39,60,67,64,67,64,39,0,0,0,0,0,0,0,0,0,0,0,0,0,0,0,0,0,0,0,0,0,0,0,0,0,0,0,0,0,0,0,0,0', 0),
('ChIJCw-wuz5JXhMRd2DwyJ14sxg', 'Períptero', '3ou Oreivatikoy 48, Patra', 'grocery_or_supermarket,food,point_of_interest,store,establishment', '38.240147,21.7454329', 5, 1, '0,0,0,0,0,0,0,0,0,0,0,0,0,0,0,0,0,0,0,0,0,0,0,0,0,0,0,0,0,0,0,0,0,6,6,33,100,66,20,0,6,0,20,40,66,53,20,6,6,0,0,0,0,0,0,0,6,13,20,33,33,33,20,13,13,26,46,53,40,40,40,40,26,20,0,0,0,0,0,0,6,6,13,26,33,26,13,6,0,13,33,53,60,40,20,6,0,0,0,0,0,0,0,0,6,0,20,20,6,0,0,6,0,20,33,46,46,46,33,20,6,6,0,0,0,0,0,6,20,40,60,73,66,46,26,0,6,13,26,46,53,46,26,13,0,0,0,0,0,0,0,0,0,0,0,0,0,0,0,0,0,0,0,0,0,0,0,0', 0),
('ChIJJXZNNjtJXhMR_2Oug8KxoHw', 'Παραδοσιακό Οπωροπαντοπωλείο', '6 συντάγματος 2, Πάτρα', 'grocery_or_supermarket,food,point_of_interest,store,establishment', '38.2401769,21.7456062', 4.9, 16, '0,0,0,0,0,0,39,41,34,34,43,56,63,65,60,48,39,39,68,87,56,17,0,0,0,0,0,0,0,0,46,39,17,9,17,29,41,48,48,39,29,29,51,78,70,39,0,0,0,0,0,0,0,0,58,39,14,12,21,31,41,46,46,41,39,53,82,100,78,39,0,0,0,0,0,0,0,0,43,36,24,21,29,34,36,34,29,24,21,36,78,95,56,17,0,0,0,0,0,0,0,0,46,56,41,24,21,26,31,34,31,26,26,39,58,65,48,21,0,0,0,0,0,0,0,0,26,41,56,65,70,73,73,73,70,58,43,48,78,87,48,12,0,0,0,0,0,0,0,0,0,0,0,0,0,0,0,0,0,0,0,0,0,0,0,0,0,0', 0),
('ChIJq8ifLjQ3XhMRwe_o9v8rl_M', 'Kōnstantínos', 'Platia Voriou Ipirou 102, Patra', 'hair_care,point_of_interest,establishment', '38.2337332,21.7313892', 5, 10, '0,0,0,0,0,0,0,0,0,35,64,64,35,11,0,0,0,29,52,47,17,0,0,0,0,0,0,0,0,0,0,0,0,0,0,0,0,0,0,0,0,0,0,0,0,0,0,0,0,0,0,0,0,0,0,0,0,0,0,0,0,0,0,0,0,0,0,0,0,0,0,0,0,0,0,0,0,0,0,0,0,11,23,41,35,23,0,0,0,41,58,58,41,0,0,0,0,0,0,0,0,0,0,0,23,41,47,41,29,11,0,0,0,17,58,76,35,0,0,0,0,0,0,0,0,0,0,0,11,100,58,70,94,64,23,0,0,0,0,0,0,0,0,0,0,0,0,0,0,0,0,0,0,0,0,0,0,0,0,0,0,0,0,0,0,0,0,0', 0),
('ChIJG5AcGCY2XhMRmpnpUDVG6Lc', 'Our Great Circus', 'Archiepiskopou Kirillou 14, Patra', 'restaurant,food,point_of_interest,establishment', '38.2365151,21.7264312', 4.6, 583, '0,0,0,0,0,0,0,0,0,0,0,0,11,13,13,12,9,7,9,19,42,67,77,63,37,15,0,0,0,0,0,0,0,0,0,0,6,8,10,11,12,13,14,18,30,51,69,66,44,20,0,0,0,0,0,0,0,0,0,0,10,14,18,20,21,19,18,25,45,74,93,87,58,28,0,0,0,0,0,0,0,0,0,0,22,23,23,22,24,26,26,25,36,61,79,69,41,16,0,0,0,0,0,0,0,0,0,0,17,19,21,21,21,19,18,24,53,88,86,77,0,0,0,0,0,0,0,0,0,0,0,0,15,20,25,30,33,36,38,43,56,79,100,98,0,0,0,0,0,0,0,0,0,0,0,0,17,23,29,33,34,31,29,31,43,58,0,0', 36),
('ChIJU9iH_p83XhMRvlOk16boN8k', 'Grill house πατρα', 'Voriou Ipirou 89, Patra', 'restaurant,food,point_of_interest,establishment', '38.2334066,21.7312731', 4.4, 33, '17,8,13,17,4,4,4,13,47,47,21,43,0,0,0,0,0,0,0,0,0,0,0,0,0,0,0,0,0,0,0,0,0,0,0,0,0,0,0,0,0,26,52,78,82,65,34,17,30,39,8,0,8,4,0,0,8,21,43,60,0,0,0,0,0,47,60,65,69,69,65,56,43,34,26,17,17,26,34,39,47,47,47,47,0,0,0,0,0,13,39,86,100,56,17,4,73,21,8,13,13,4,8,17,39,60,78,73,0,0,0,0,0,30,34,39,39,39,39,30,26,30,47,34,21,21,17,21,21,21,21,17,0,0,0,0,0,13,21,30,39,43,47,52,47,39,34,26,21,26,26,30,30,30,26,21,0,0,0,0,0,0,4,34,8,8,47,65', 0),
('ChIJh003YSY2XhMRXA3c9sHdMAw', 'GMC-SHOP_Super Market Θεοδωρόπουλος', 'Archiepiskopou Ierotheou 51, Patra', 'grocery_or_supermarket,food,point_of_interest,store,establishment', '38.236013,21.7283456', 4.6, 58, '0,0,0,0,0,0,0,0,3,6,8,10,10,8,7,5,4,4,5,5,5,5,4,0,0,0,0,0,0,0,0,0,4,5,7,9,10,10,8,7,6,6,7,7,7,6,4,0,0,0,0,0,0,0,0,0,37,63,88,100,93,71,44,23,10,6,7,10,11,9,5,0,0,0,0,0,0,0,0,0,3,5,7,8,9,7,6,4,4,5,7,9,9,7,4,0,0,0,0,0,0,0,0,0,4,6,8,10,10,9,7,5,4,4,6,7,8,7,6,0,0,0,0,0,0,0,0,0,2,5,8,9,10,9,7,5,4,4,5,5,5,4,4,0,0,0,0,0,0,0,0,0,2,3,6,9,11,10,8,6,4,4,5,5,5,4,2,0', 0),
('ChIJQZbR3xQ3XhMRyaR2SBYu29I', 'Excellent Car Wash', 'Dimitriou Maximou 22, Patra', 'car_wash,point_of_interest,establishment', '38.2343274,21.7281153', 4.4, 7, '0,0,0,0,0,0,0,0,38,58,76,79,69,48,30,25,33,43,43,28,0,0,0,0,0,0,0,0,0,0,0,0,15,28,46,61,61,56,48,46,43,41,35,30,0,0,0,0,0,0,0,0,0,0,0,0,28,48,79,100,100,82,61,48,41,38,33,28,0,0,0,0,0,0,0,0,0,0,0,0,28,46,61,71,66,53,38,33,41,48,43,28,0,0,0,0,0,0,0,0,0,0,0,0,28,48,61,69,66,56,41,25,23,43,69,48,0,0,0,0,0,0,0,0,0,0,0,0,20,58,97,87,61,53,61,69,69,61,51,38,0,0,0,0,0,0,0,0,0,0,0,0,0,0,0,0,0,0,0,0,0,0,0,0,0,0,0,0', 0),
('ChIJlQV3HyY2XhMRpjjYBlws0d4', 'RAPTI Boutri Vasiliki Zakinthinos Xristos Accounting Tax office', 'Archiepiskopou Kirillou 2, Patra', 'accounting,finance,point_of_interest,establishment', '38.2365548,21.7259375', 4.4, 7, '0,0,0,0,0,0,0,0,56,67,76,100,100,79,51,30,20,0,0,0,0,0,0,0,0,0,0,0,0,0,0,0,34,85,86,58,60,66,51,28,12,0,0,0,0,0,0,0,0,0,0,0,0,0,0,0,44,77,92,86,76,66,53,35,20,0,0,0,0,0,0,0,0,0,0,0,0,0,0,0,20,51,74,71,61,51,35,18,6,0,0,0,0,0,0,0,0,0,0,0,0,0,0,0,29,61,64,59,64,59,41,24,14,0,0,0,0,0,0,0,0,0,0,0,0,0,0,0,0,0,0,0,0,0,0,0,0,0,0,0,0,0,0,0,0,0,0,0,0,0,0,0,0,0,0,0,0,0,0,0,0,0,0,0,0,0,0,0', 0),
('ChIJY4432yU2XhMR2jrWEN7aWls', 'Loukopoulou Georgia', 'Korinthou 418-420, Patra', 'pharmacy,health,point_of_interest,store,establishment', '38.2345139,21.7276574', 4.4, 7, '0,0,0,0,0,0,0,0,5,27,33,33,72,66,0,0,0,0,0,0,0,0,0,0,0,0,0,0,0,0,0,0,16,38,72,100,94,61,0,0,0,33,66,72,38,0,0,0,0,0,0,0,0,0,0,0,0,0,0,0,0,0,0,0,0,0,0,0,0,0,0,0,0,0,0,0,0,0,0,0,11,27,55,77,72,44,0,0,0,66,100,66,16,0,0,0,0,0,0,0,0,0,0,0,5,22,50,83,88,66,0,0,0,27,61,83,72,0,0,0,0,0,0,0,0,0,0,0,0,0,0,0,0,0,0,0,0,0,0,0,0,0,0,0,0,0,0,0,0,0,0,0,0,0,0,0,0,0,0,0,0,0,0,0,0,0,0,0', 0),
('ChIJqXfObCc2XhMRnI9QBuMheio', 'Abige Hair&Style', 'Kapodistriou 28, Patra', 'hair_care,point_of_interest,establishment', '38.2385109,21.7296609', 4.9, 51, '0,0,0,0,0,0,0,0,0,0,0,0,0,0,0,0,0,0,0,0,0,0,0,0,0,0,0,0,0,0,0,0,0,0,14,22,28,28,23,19,21,27,26,17,0,0,0,0,0,0,0,0,0,0,0,0,0,0,78,100,94,70,49,36,28,0,0,0,0,0,0,0,0,0,0,0,0,0,0,0,0,0,21,17,12,17,25,24,16,10,32,43,0,0,0,0,0,0,0,0,0,0,0,0,0,0,33,24,13,19,26,26,21,19,22,19,0,0,0,0,0,0,0,0,0,0,0,0,0,0,29,23,16,19,26,26,18,0,0,0,0,0,0,0,0,0,0,0,0,0,0,0,0,0,0,0,0,0,0,0,0,0,0,0,0,0,0,0', 0),
('ChIJw1cp-C9JXhMR8v9XtGbMjCc', 'Mary Flogera Hairdressing Room', 'Georgiou Olimpiou 80, Patra', 'hair_care,point_of_interest,establishment', '38.2387977,21.7346318', 4.9, 12, '0,0,0,0,0,0,0,0,0,0,0,0,0,0,0,0,0,0,0,0,0,0,0,0,0,0,0,0,0,0,0,0,0,36,42,36,26,0,0,0,0,31,89,100,42,0,0,0,0,0,0,0,0,0,0,0,0,0,0,0,0,0,0,0,0,0,0,0,0,0,0,0,0,0,0,0,0,0,0,0,0,42,57,52,36,0,0,0,0,21,42,52,47,0,0,0,0,0,0,0,0,0,0,0,0,0,15,47,94,100,52,26,47,78,89,68,0,0,0,0,0,0,0,0,0,0,0,0,0,42,42,31,31,36,31,15,0,0,0,0,0,0,0,0,0,0,0,0,0,0,0,0,0,0,0,0,0,0,0,0,0,0,0,0,0,0,0,0', 0),
('ChIJx3OiIMg3XhMRFJiKIFiuXjs', 'ΚΡΕΑΤΑ ΑΧΑΙΑΣ Μανίκας Βασίλειος', 'Μεσολογγίου, Kapodistriou 44, Patra', 'food,point_of_interest,store,establishment', '38.2383148,21.7312379', 4.7, 6, '0,0,0,0,0,0,0,8,19,32,44,46,37,23,13,0,0,0,0,0,0,0,0,0,0,0,0,0,0,0,0,5,19,35,43,50,67,55,23,0,0,14,16,11,5,0,0,0,0,0,0,0,0,0,0,14,38,37,16,17,31,34,22,0,0,0,0,0,0,0,0,0,0,0,0,0,0,0,0,5,13,23,35,40,35,26,19,0,0,14,14,14,13,0,0,0,0,0,0,0,0,0,0,8,17,29,37,38,34,40,29,0,0,10,20,28,25,0,0,0,0,0,0,0,0,0,0,2,20,64,100,88,64,55,43,23,0,0,0,0,0,0,0,0,0,0,0,0,0,0,0,0,0,0,0,0,0,0,0,0,0,0,0,0,0,0,0,0', 0),
('ChIJz_07-W03XhMRvRymy1Ccda0', 'KEEP THE CUP', 'Solomous 83, Patra', 'cafe,food,point_of_interest,establishment', '38.2362409,21.7303368', 4.7, 60, '0,0,0,0,0,0,23,43,62,66,60,53,56,55,43,30,29,42,60,76,84,0,0,0,0,0,0,0,0,0,42,60,70,66,58,56,60,63,57,48,47,56,71,83,86,0,0,0,0,0,0,0,0,0,32,51,68,77,80,87,97,93,69,45,40,53,73,91,100,0,0,0,0,0,0,0,0,0,33,45,52,56,62,72,77,67,47,33,36,50,67,81,86,0,0,0,0,0,0,0,0,0,40,57,70,76,76,76,76,69,56,44,41,47,57,66,71,0,0,0,0,0,0,0,0,0,0,0,36,48,58,66,71,71,66,58,49,46,56,66,63,0,0,0,0,0,0,0,0,0,0,0,26,34,41,46,48,47,43,38,38,44,54,62,63,0,0,0', 0),
('ChIJ24KnIg83XhMRX_b9V6y7PKE', 'Chrysanthakopoulos - Idiotropo', 'Korinthou 451, Patra', 'furniture_store,home_goods_store,point_of_interest,store,establishment', '38.2388773,21.7285079', 4.5, 11, '0,0,0,0,0,0,0,0,13,33,54,65,67,56,33,0,0,0,0,0,0,0,0,0,0,0,0,0,0,0,0,0,13,24,37,47,50,44,33,0,0,28,69,100,72,0,0,0,0,0,0,0,0,0,0,0,19,42,46,42,47,50,38,0,0,0,0,0,0,0,0,0,0,0,0,0,0,0,0,0,9,16,25,31,33,30,26,0,0,50,68,70,51,0,0,0,0,0,0,0,0,0,0,0,19,30,42,50,52,46,36,0,0,37,62,69,44,0,0,0,0,0,0,0,0,0,0,0,0,31,56,79,86,74,49,0,0,0,0,0,0,0,0,0,0,0,0,0,0,0,0,0,0,0,0,0,0,0,0,0,0,0,0,0,0,0,0,0', 37),
('ChIJt7LpHPs3XhMRn1RE73k4Bbs', 'Παραδοσιακό Παντοπωλείο Στασινόπουλος', 'Korinthou 370-374, Patra', 'grocery_or_supermarket,food,point_of_interest,store,establishment', '38.2382114,21.7281936', 4.6, 14, '0,0,0,0,0,0,0,16,23,32,46,60,72,79,76,67,58,53,55,58,55,41,30,0,0,0,0,0,0,0,0,23,25,32,41,55,65,62,48,32,27,30,41,48,48,39,27,0,0,0,0,0,0,0,0,25,27,25,23,25,48,90,95,55,27,30,41,53,53,48,37,0,0,0,0,0,0,0,0,30,32,34,39,48,74,100,88,60,53,58,65,65,60,48,34,0,0,0,0,0,0,0,0,20,23,25,25,34,53,76,83,65,46,51,67,81,74,53,30,0,0,0,0,0,0,0,0,18,25,37,53,65,72,67,55,46,41,44,51,58,60,58,48,0,0,0,0,0,0,0,0,23,27,37,53,72,88,100,100,90,81,74,76,79,72,55,39,0', 0),
('ChIJReMkcU03XhMRHtlq-RGG_Mc', 'Καφεκοπτείο Μεξικάνος', 'Korinthou 453, Patra', 'cafe,food,point_of_interest,store,establishment', '38.2386062,21.7284374', 4.7, 110, '0,0,0,0,0,0,0,5,7,9,10,12,15,17,13,7,6,9,12,14,13,0,0,0,0,0,0,0,0,0,0,6,9,13,16,17,17,15,12,8,7,9,16,22,18,0,0,0,0,0,0,0,0,0,0,14,36,66,92,100,85,58,31,15,11,12,14,14,12,0,0,0,0,0,0,0,0,0,0,5,6,9,15,21,22,16,10,8,9,11,12,13,12,0,0,0,0,0,0,0,0,0,0,7,9,11,12,14,15,16,14,9,7,9,15,18,14,0,0,0,0,0,0,0,0,0,0,3,4,6,9,14,16,14,10,6,5,6,9,9,7,0,0,0,0,0,0,0,0,0,0,0,2,5,8,11,11,9,6,4,4,5,6,6,4,0,0,0', 0),
('ChIJf0kcnSc2XhMRu-Lg9p3PZjI', 'Music Power ΠΕΛΕΚΟΥΔΑΣ Β.', 'Korinthou 443, Patra', 'car_repair,point_of_interest,establishment', '38.2391879,21.7285765', 4.9, 24, '0,0,0,0,0,0,0,0,0,40,59,66,51,29,11,0,0,0,0,0,0,0,0,0,0,0,0,0,0,0,0,0,11,33,70,81,59,40,40,40,51,81,100,100,77,0,0,0,0,0,0,0,0,0,0,0,0,14,25,40,48,44,29,0,0,0,0,0,0,0,0,0,0,0,0,0,0,0,0,3,11,25,37,40,33,18,7,3,7,29,66,77,40,0,0,0,0,0,0,0,0,0,0,7,22,14,14,22,29,29,25,18,11,3,3,40,40,0,0,0,0,0,0,0,0,0,0,0,0,11,29,51,59,44,22,0,0,0,0,0,0,0,0,0,0,0,0,0,0,0,0,0,0,0,0,0,0,0,0,0,0,0,0,0,0,0,0,0', 0),
('ChIJeWquqyE2XhMRLB_819PA_b0', 'Sotiris Koulis Family', 'Archiepiskopou Ierotheou 105, Patra', 'store,point_of_interest,establishment', '38.2370706,21.7345796', 5, 1, '0,0,0,0,0,0,0,0,0,34,57,42,31,57,51,0,0,0,0,0,0,0,0,0,0,0,0,0,0,0,0,0,0,25,51,77,77,54,28,0,0,54,85,51,68,0,0,0,0,0,0,0,0,0,0,0,0,25,37,45,48,40,28,0,0,0,0,0,0,0,0,0,0,0,0,0,0,0,0,0,0,25,51,48,57,48,14,0,0,17,37,51,42,0,0,0,0,0,0,0,0,0,0,0,0,20,34,48,51,45,31,0,0,34,54,60,42,0,0,0,0,0,0,0,0,0,0,0,0,51,100,74,37,42,37,0,0,0,5,0,0,0,0,0,0,0,0,0,0,0,0,0,0,0,0,0,0,0,0,0,0,0,0,0,0,0,0,0', 0),
('ChIJKT-X7SA2XhMR2dSVr5pougg', 'Arapis Market \"3A Arapis\" Ltd', 'Panachaikou 65, Patra', 'supermarket,grocery_or_supermarket,food,point_of_interest,store,establishment', '38.237414,21.733877', 4.2, 91, '0,0,0,0,0,0,0,0,27,44,71,95,100,78,46,25,23,37,51,50,34,0,0,0,0,0,0,0,0,0,0,0,9,18,32,47,55,49,36,23,18,24,32,32,20,0,0,0,0,0,0,0,0,0,0,0,21,30,40,46,48,44,37,33,34,40,45,44,34,0,0,0,0,0,0,0,0,0,0,0,13,26,44,55,54,40,24,14,16,26,40,45,36,0,0,0,0,0,0,0,0,0,0,0,31,45,55,57,51,39,27,20,20,25,32,34,30,0,0,0,0,0,0,0,0,0,0,0,16,37,50,53,79,55,29,29,30,30,27,24,0,0,0,0,0,0,0,0,0,0,0,0,0,0,0,0,0,0,0,0,0,0,0,0,0,0,0,0', 0);

-- --------------------------------------------------------

--
-- Table structure for table `users`
--

DROP TABLE IF EXISTS `users`;
CREATE TABLE IF NOT EXISTS `users` (
  `user_id` int(11) NOT NULL AUTO_INCREMENT,
  `username` varchar(255) COLLATE utf8_unicode_ci NOT NULL,
  `password` varchar(255) COLLATE utf8_unicode_ci NOT NULL,
  `email` varchar(255) COLLATE utf8_unicode_ci NOT NULL,
  `admin_check` tinyint(1) NOT NULL DEFAULT '0',
  PRIMARY KEY (`user_id`)
) ENGINE=MyISAM AUTO_INCREMENT=25 DEFAULT CHARSET=utf8 COLLATE=utf8_unicode_ci;

--
-- Dumping data for table `users`
--

INSERT INTO `users` (`user_id`, `username`, `password`, `email`, `admin_check`) VALUES
(1, 'admin', 'admin', 'admin@covid-19.gr', 1),
(2, 'user1', 'UserOne1!', 'user1@gmail.gr', 0),
(6, 'user2', 'User2Two2!', 'user2@gmail.com', 0),
(7, 'user3', 'UserThree3!', 'user3@gmail.com', 0),
(8, 'user4', 'UserFour4!', 'user4@gmail.com', 0),
(9, 'user5', 'UserFive5!', 'user5@gmail.com', 0),
(10, 'user6', 'UserSix6!', 'user6@gmail.com', 0),
(11, 'user7', 'UserSeven7!', 'user7@gmail.com', 0),
(12, 'user8', 'UserEight8!', 'user8@gmail.com', 0),
(13, 'user9', 'UserNine9!', 'user9@gmail.com', 0),
(14, 'user10', 'UserTen10!', 'user10@gmail.com', 0),
(15, 'user11', 'UserEleven11!', 'user11@gmail.com', 0),
(16, 'user12', 'UserTwelve12!', 'user12@gmail.com', 0),
(17, 'user13', 'UserThirteen13!', 'user13@gmail.com', 0),
(18, 'user14', 'UserFourteen14', 'user14@gmail.com', 0),
(19, 'user15', 'UserFifteen15!', 'user15@gmail.com', 0),
(20, 'user16', 'UserSixteen16!', 'user16@gmail.com', 0),
(21, 'user17', 'UserSeventeen17!', 'user17@gmail.com', 0),
(22, 'user18', 'UserEighteen18!', 'user18@gmail.com', 0),
(23, 'user19', 'UserNineteen19!', 'user19@gmail.com', 0),
(24, 'user20', 'UserTwenty20!', 'user20@gmail.com', 0);

-- --------------------------------------------------------

--
-- Table structure for table `visits_log`
--

DROP TABLE IF EXISTS `visits_log`;
CREATE TABLE IF NOT EXISTS `visits_log` (
  `id` int(11) NOT NULL AUTO_INCREMENT,
  `user_id` int(11) NOT NULL,
  `poi_id` varchar(255) COLLATE utf8_unicode_ci NOT NULL,
  `poi_name` varchar(255) COLLATE utf8_unicode_ci NOT NULL,
  `visit_timestamp` datetime NOT NULL,
  `positive_check` tinyint(1) NOT NULL DEFAULT '0',
  `type_in_search` text COLLATE utf8_unicode_ci NOT NULL,
  `day` text COLLATE utf8_unicode_ci NOT NULL,
  PRIMARY KEY (`id`)
) ENGINE=MyISAM AUTO_INCREMENT=109 DEFAULT CHARSET=utf8 COLLATE=utf8_unicode_ci;

--
-- Dumping data for table `visits_log`
--

INSERT INTO `visits_log` (`id`, `user_id`, `poi_id`, `poi_name`, `visit_timestamp`, `positive_check`, `type_in_search`, `day`) VALUES
(1, 2, 'ChIJWQ__HeBJXhMRAKH10ZawcdQ', 'Nina Cafe Bar', '2022-07-04 11:54:00', 1, 'food', 'Monday'),
(2, 2, 'ChIJqXT_xCU2XhMRc5ulGeOpCoc', 'Coffee Island', '2022-07-04 14:00:00', 1, 'cafe', 'Monday'),
(3, 2, 'ChIJGyYZay82XhMRYIH_uvIjIH8', 'Patras South Park - Notio Parko Patras', '2022-07-03 19:00:00', 1, 'park', 'Sunday'),
(4, 2, 'ChIJMQP6EbU3XhMRBtsPNWT_DiQ', 'liberis ψωμι-καφες-γλυκο', '2022-07-04 14:00:00', 1, 'cafe', 'Monday'),
(5, 6, 'ChIJqXT_xCU2XhMRc5ulGeOpCoc', 'Coffee Island', '2022-07-04 15:05:00', 0, 'cafe', 'Monday'),
(6, 6, 'ChIJs13fMVdJXhMRdfoTBribjjc', 'Moccup', '2022-07-11 15:07:00', 0, 'establishment', 'Monday'),
(7, 6, 'ChIJhTC7IiA2XhMRDXXA5keTbkU', 'The Juice Bar', '2022-09-11 16:09:00', 0, 'establishment', 'Monday'),
(8, 6, 'ChIJSxcz2FI2XhMRkB05AbcRmlI', 'ΝΑΥΤΙΚΟΣ ΟΜΙΛΟΣ ΠΑΤΡΩΝ', '2022-09-11 16:09:00', 0, 'establishment', 'Monday'),
(9, 6, 'ChIJDU4ldCU2XhMRhYQRDJHqYB8', 'Carspa', '2022-09-11 18:09:00', 0, 'establishment', 'Monday'),
(10, 6, 'ChIJhTC7IiA2XhMRDXXA5keTbkU', 'The Juice Bar', '2022-07-13 18:09:00', 0, 'establishment', ' Wednesday'),
(11, 6, 'ChIJ88kULCM2XhMRXqQTjKQz9-s', 'La Taste Ζαχαροπλαστείο', '2022-07-19 14:20:00', 0, 'establishment', 'Tuesday'),
(12, 6, 'ChIJv6i6xt9JXhMRVp9vNGd6MLY', 'Andrikópoulos', '2022-07-19 16:20:00', 0, 'supermarket', 'Tuesday'),
(13, 7, 'ChIJ7f_lJyY2XhMRnOqNQJfMj3g', 'Goodys Burger House', '2022-09-16 12:29:00', 0, 'restaurant', 'Friday'),
(14, 7, 'ChIJWQ__HeBJXhMRAKH10ZawcdQ', 'Nina Cafe Bar', '2022-09-14 14:29:00', 0, 'restaurant', 'Wednesday'),
(15, 7, 'ChIJxZ_BF0lJXhMRgcQowKpjoQ8', 'Way Out Cafe', '2022-09-14 18:29:00', 0, 'cafe', 'Wednesday'),
(16, 7, 'ChIJG5AcGCY2XhMRmpnpUDVG6Lc', 'Our Great Circus', '2022-09-14 14:29:00', 0, 'restaurant', 'Wednesday'),
(17, 7, 'ChIJu8vyBuJJXhMRfm0zkEgJDWU', 'SPORTS HOUSE', '2022-07-19 12:44:00', 1, 'gym', 'Tuesday'),
(18, 7, 'ChIJw7aMQeJJXhMR4F6A4HR7Kio', 'Cooper Coffee & Snack', '2022-07-20 11:51:00', 1, 'cafe', 'Wednesday'),
(19, 7, 'ChIJ1f_1SOJJXhMRgrZ3x59ZKNw', 'Coffeebrands', '2022-07-19 11:51:00', 1, 'cafe', 'Tuesday'),
(20, 8, 'ChIJv6i6xt9JXhMRVp9vNGd6MLY', 'Andrikópoulos', '2022-07-15 16:58:00', 1, 'food', 'Friday'),
(21, 8, 'ChIJReMkcU03XhMRHtlq-RGG_Mc', 'Καφεκοπτείο Μεξικάνος', '2022-07-19 00:00:00', 1, 'cafe', 'Tuesday'),
(22, 8, 'ChIJt7LpHPs3XhMRn1RE73k4Bbs', 'Παραδοσιακό Παντοπωλείο Στασινόπουλος', '2022-07-18 16:03:00', 1, 'food', 'Monday'),
(23, 8, 'ChIJ-TKYmx02XhMRhtJ7X9WTjPI', 'Eurobank', '2022-07-21 14:05:00', 1, 'bank', 'Thursday'),
(24, 8, 'ChIJReMkcU03XhMRHtlq-RGG_Mc', 'Καφεκοπτείο Μεξικάνος', '2022-07-21 18:10:00', 1, 'cafe', 'Thursday'),
(25, 9, 'ChIJVzAMZC82XhMRbhndkrdgnck', 'Ena Cash And Carry', '2022-07-19 14:12:00', 1, 'food', 'Tuesday'),
(29, 9, 'ChIJ0a4YHeBJXhMRgESyORq9JSo', 'DERMATOLOGOS GIANNAKOPOULOS Patras KOSTAS', '2022-07-22 16:26:00', 1, 'establishment', 'Friday'),
(27, 9, 'ChIJReMkcU03XhMRHtlq-RGG_Mc', 'Καφεκοπτείο Μεξικάνος', '2022-07-18 18:15:00', 1, 'cafe', 'Monday'),
(28, 9, 'ChIJ6-g47SM2XhMRoBC9mS6dkKE', 'Αχαϊκό Εντελβάις', '2022-07-20 11:24:00', 1, 'food', 'Wednesday'),
(30, 9, 'ChIJVfLnrMVJXhMRkzUAT7CxG4U', 'Ζαχαροπλαστείο Γιώργος', '2022-07-22 18:30:00', 1, 'establishment', 'Friday'),
(31, 9, 'ChIJ8e14Y_k3XhMRwkBFeA4sA44', 'Πλατεία Ελευθερίας (Μικράς Ασίας)', '2022-07-22 18:30:00', 1, 'establishment', 'Friday'),
(32, 10, 'ChIJk0zmsB82XhMRaUVxT1MhpGY', 'Gitsis Konstantinos', '2022-07-21 17:32:00', 0, 'food', 'Thursday'),
(33, 10, 'ChIJReMkcU03XhMRHtlq-RGG_Mc', 'Καφεκοπτείο Μεξικάνος', '2022-09-21 19:35:00', 0, 'cafe', 'Thursday'),
(34, 10, 'ChIJP-URlSY2XhMRXXseyEczfzI', 'MY COFFEE', '2022-07-24 11:32:00', 0, 'food', 'Sunday'),
(35, 10, 'ChIJt7LpHPs3XhMRn1RE73k4Bbs', 'Παραδοσιακό Παντοπωλείο Στασινόπουλος', '2022-07-24 14:36:00', 0, 'food', 'Sunday'),
(36, 10, 'ChIJWQ__HeBJXhMRAKH10ZawcdQ', 'Nina Cafe Bar', '2022-07-22 18:40:00', 0, 'bar', 'Friday'),
(37, 11, 'ChIJw1cp-C9JXhMR8v9XtGbMjCc', 'Mary Flogera Hairdressing Room', '2022-07-07 17:41:00', 1, 'establishment', 'Thursday'),
(38, 11, 'ChIJa4Go5yc2XhMR-30hKzhbx_c', 'My market', '2022-07-07 18:22:00', 1, 'establishment', 'Thursday'),
(39, 11, 'ChIJizF4o5o3XhMRYFqw0tvXBHM', 'Ο ΛΕΩΝΙΔΑΣ & ΟΙ 300', '2022-07-09 20:44:00', 1, 'restaurant', 'Saturday'),
(40, 11, 'ChIJESBMBBk2XhMRi2SbsZ_zvMU', 'WODBOX', '2022-07-09 15:03:00', 1, 'gym', 'Saturday'),
(41, 11, 'ChIJv6i6xt9JXhMRVp9vNGd6MLY', 'Andrikópoulos', '2022-07-09 16:45:00', 1, 'supermarket', 'Saturday'),
(42, 12, 'ChIJ0YP89yw3XhMRu0_gcptybS4', 'GroupTime Fitness', '2022-07-10 18:50:00', 1, 'gym', 'Sunday'),
(43, 12, 'ChIJYQIxGyE2XhMRupS59ERDUNc', 'Galaxias', '2022-07-10 20:00:00', 1, 'supermarket', 'Sunday'),
(44, 12, 'ChIJt-jvWxk2XhMRmqTBLN1y4Fg', 'Coffee Amargo', '2022-07-11 17:50:00', 1, 'cafe', 'Monday'),
(45, 12, 'ChIJVeODuCE2XhMRcDFqFETdzdw', 'Theos, Lambros, & Co. O.E.', '2022-07-11 18:00:00', 1, 'establishment', 'Monday'),
(46, 12, 'ChIJ0We6ISc2XhMR0JstwP2xC6s', 'CHEINOPOROS PANAGIOTIS', '2022-07-09 18:58:00', 1, 'establishment', 'Saturday'),
(47, 13, 'ChIJNce1WSQ2XhMRCxdWbKOr_8M', 'Cafe Ανδρέας', '2022-07-25 18:55:00', 1, 'establishment', 'Monday'),
(48, 13, 'ChIJeWquqyE2XhMRLB_819PA_b0', 'Sotiris Koulis Family', '2022-07-25 15:54:00', 1, 'establishment', 'Monday'),
(49, 13, 'ChIJDU4ldCU2XhMRhYQRDJHqYB8', 'Carspa', '2022-07-24 14:00:00', 1, 'establishment', 'Sunday'),
(50, 13, 'ChIJqXT_xCU2XhMRc5ulGeOpCoc', 'Coffee Island', '2022-07-24 10:00:00', 1, 'cafe', 'Sunday'),
(51, 13, 'ChIJHz0GwiY2XhMRl8CM130I0qw', 'CyberArena Internet Cafe', '2022-07-23 19:55:00', 1, 'establishment', 'Saturday'),
(52, 14, 'ChIJGyYZay82XhMRYIH_uvIjIH8', 'Patras South Park - Notio Parko Patras', '2022-07-03 11:00:00', 1, 'park', 'Sunday'),
(53, 14, 'ChIJFaU1TBw2XhMRq87NWxs61hA', 'Μυλωνάς Ζαχαροπλαστείο', '2022-07-03 17:02:00', 1, 'establishment', 'Sunday'),
(54, 14, 'ChIJt-jvWxk2XhMRmqTBLN1y4Fg', 'Coffee Amargo', '2022-07-02 11:02:00', 1, 'establishment', 'Saturday'),
(55, 14, 'ChIJhTC7IiA2XhMRDXXA5keTbkU', 'The Juice Bar', '2022-07-05 10:30:00', 1, 'cafe', 'Tuesday'),
(56, 14, 'ChIJU9iH_p83XhMRvlOk16boN8k', 'Grill house πατρα', '2022-07-02 19:07:00', 1, 'restaurant', 'Saturday'),
(57, 15, 'ChIJ8Uhwphk2XhMR0eyLMUIgSEk', 'Piraeus Bank', '2022-07-13 10:49:00', 1, 'bank', 'Wednesday'),
(58, 15, 'ChIJhTC7IiA2XhMRDXXA5keTbkU', 'The Juice Bar', '2022-07-13 10:50:00', 1, 'cafe', 'Wednesday'),
(59, 15, 'ChIJAVs4m443XhMRBbxmCCI6f5Y', 'εν σωματι', '2022-07-13 10:54:00', 1, 'Gym', 'Wednesday'),
(60, 15, 'ChIJmxF_PCc2XhMRJpnrz44FtbU', 'Ανδρικόπουλος Super Market', '2022-07-15 17:00:00', 1, 'supermarket', 'Friday'),
(61, 15, 'ChIJReMkcU03XhMRHtlq-RGG_Mc', 'Καφεκοπτείο Μεξικάνος', '2022-07-18 18:30:00', 1, 'Cafe', 'Monday'),
(62, 16, 'ChIJReMkcU03XhMRHtlq-RGG_Mc', 'Καφεκοπτείο Μεξικάνος', '2022-07-18 17:59:00', 0, 'cafe', 'Monday'),
(63, 16, 'ChIJReMkcU03XhMRHtlq-RGG_Mc', 'Καφεκοπτείο Μεξικάνος', '2022-07-18 18:34:00', 0, 'cafe', 'Monday'),
(64, 16, 'ChIJYQIxGyE2XhMRupS59ERDUNc', 'Galaxias', '2022-07-10 20:00:00', 0, 'supermarket', 'Sunday'),
(65, 16, 'ChIJt-jvWxk2XhMRmqTBLN1y4Fg', 'Coffee Amargo', '2022-07-11 17:50:00', 0, 'cafe', 'Monday'),
(66, 16, 'ChIJVeODuCE2XhMRcDFqFETdzdw', 'Theos, Lambros, & Co. O.E.', '2022-07-11 18:00:00', 0, 'establishment', 'Monday'),
(67, 16, 'ChIJ0We6ISc2XhMR0JstwP2xC6s', 'CHEINOPOROS PANAGIOTIS', '2022-07-09 18:58:00', 0, 'establishment', 'Saturday'),
(68, 16, 'ChIJNce1WSQ2XhMRCxdWbKOr_8M', 'Cafe Ανδρέας', '2022-07-25 18:55:00', 0, 'establishment', 'Monday'),
(69, 11, 'ChIJ88kULCM2XhMRXqQTjKQz9-s', 'La Taste Ζαχαροπλαστείο', '2022-07-13 19:31:00', 1, 'establishment', 'Wednesday'),
(70, 17, 'ChIJhTC7IiA2XhMRDXXA5keTbkU', 'The Juice Bar', '2022-09-11 16:09:00', 0, 'establishment', 'Monday'),
(71, 17, 'ChIJSxcz2FI2XhMRkB05AbcRmlI', 'ΝΑΥΤΙΚΟΣ ΟΜΙΛΟΣ ΠΑΤΡΩΝ', '2022-09-11 16:09:00', 0, 'establishment', 'Monday'),
(72, 17, 'ChIJDU4ldCU2XhMRhYQRDJHqYB8', 'Carspa', '2022-09-11 18:09:00', 0, 'establishment', 'Monday'),
(73, 17, 'ChIJhTC7IiA2XhMRDXXA5keTbkU', 'The Juice Bar', '2022-07-13 18:09:00', 0, 'establishment', ' Wednesday'),
(74, 17, 'ChIJ88kULCM2XhMRXqQTjKQz9-s', 'La Taste Ζαχαροπλαστείο', '2022-07-19 14:20:00', 0, 'establishment', 'Tuesday'),
(75, 17, 'ChIJv6i6xt9JXhMRVp9vNGd6MLY', 'Andrikópoulos', '2022-07-19 16:20:00', 0, 'supermarket', 'Tuesday'),
(76, 18, 'ChIJ7f_lJyY2XhMRnOqNQJfMj3g', 'Goodys Burger House', '2022-09-16 12:29:00', 0, 'restaurant', 'Friday'),
(77, 18, 'ChIJG5AcGCY2XhMRmpnpUDVG6Lc', 'Our Great Circus', '2022-09-14 14:29:00', 0, 'restaurant', 'Wednesday'),
(78, 18, 'ChIJu8vyBuJJXhMRfm0zkEgJDWU', 'SPORTS HOUSE', '2022-07-19 12:44:00', 0, 'gym', 'Tuesday'),
(79, 18, 'ChIJw7aMQeJJXhMR4F6A4HR7Kio', 'Cooper Coffee & Snack', '2022-07-20 11:51:00', 0, 'cafe', 'Wednesday'),
(80, 18, 'ChIJ1f_1SOJJXhMRgrZ3x59ZKNw', 'Coffeebrands', '2022-07-19 11:51:00', 0, 'cafe', 'Tuesday'),
(81, 19, 'ChIJv6i6xt9JXhMRVp9vNGd6MLY', 'Andrikópoulos', '2022-07-15 16:58:00', 0, 'food', 'Friday'),
(82, 19, 'ChIJReMkcU03XhMRHtlq-RGG_Mc', 'Καφεκοπτείο Μεξικάνος', '2022-07-19 00:00:00', 0, 'cafe', 'Tuesday'),
(83, 19, 'ChIJt7LpHPs3XhMRn1RE73k4Bbs', 'Παραδοσιακό Παντοπωλείο Στασινόπουλος', '2022-07-18 16:03:00', 0, 'food', 'Monday'),
(84, 19, 'ChIJ-TKYmx02XhMRhtJ7X9WTjPI', 'Eurobank', '2022-07-21 14:05:00', 0, 'bank', 'Thursday'),
(85, 19, 'ChIJReMkcU03XhMRHtlq-RGG_Mc', 'Καφεκοπτείο Μεξικάνος', '2022-07-21 18:10:00', 0, 'cafe', 'Thursday'),
(86, 20, 'ChIJVzAMZC82XhMRbhndkrdgnck', 'Ena Cash And Carry', '2022-07-19 14:12:00', 0, 'food', 'Tuesday'),
(87, 20, 'ChIJ0a4YHeBJXhMRgESyORq9JSo', 'DERMATOLOGOS GIANNAKOPOULOS Patras KOSTAS', '2022-07-22 16:26:00', 0, 'establishment', 'Friday'),
(88, 20, 'ChIJYQIxGyE2XhMRupS59ERDUNc', 'Galaxias', '2022-07-10 20:00:00', 0, 'supermarket', 'Sunday'),
(89, 20, 'ChIJt-jvWxk2XhMRmqTBLN1y4Fg', 'Coffee Amargo', '2022-07-11 17:50:00', 0, 'cafe', 'Monday'),
(90, 20, 'ChIJVeODuCE2XhMRcDFqFETdzdw', 'Theos, Lambros, & Co. O.E.', '2022-07-11 18:00:00', 0, 'establishment', 'Monday'),
(91, 21, 'ChIJ0We6ISc2XhMR0JstwP2xC6s', 'CHEINOPOROS PANAGIOTIS', '2022-07-09 18:58:00', 0, 'establishment', 'Saturday'),
(92, 21, 'ChIJNce1WSQ2XhMRCxdWbKOr_8M', 'Cafe Ανδρέας', '2022-07-25 18:55:00', 0, 'establishment', 'Monday'),
(93, 21, 'ChIJeWquqyE2XhMRLB_819PA_b0', 'Sotiris Koulis Family', '2022-07-25 15:54:00', 0, 'establishment', 'Monday'),
(94, 21, 'ChIJDU4ldCU2XhMRhYQRDJHqYB8', 'Carspa', '2022-07-24 14:00:00', 0, 'establishment', 'Sunday'),
(95, 21, 'ChIJqXT_xCU2XhMRc5ulGeOpCoc', 'Coffee Island', '2022-07-24 10:00:00', 0, 'cafe', 'Sunday'),
(96, 22, 'ChIJHz0GwiY2XhMRl8CM130I0qw', 'CyberArena Internet Cafe', '2022-07-23 19:55:00', 0, 'establishment', 'Saturday'),
(97, 22, 'ChIJGyYZay82XhMRYIH_uvIjIH8', 'Patras South Park - Notio Parko Patras', '2022-07-03 11:00:00', 0, 'park', 'Sunday'),
(98, 22, 'ChIJFaU1TBw2XhMRq87NWxs61hA', 'Μυλωνάς Ζαχαροπλαστείο', '2022-07-03 17:02:00', 0, 'establishment', 'Sunday'),
(99, 22, 'ChIJt-jvWxk2XhMRmqTBLN1y4Fg', 'Coffee Amargo', '2022-07-02 11:02:00', 0, 'establishment', 'Saturday'),
(100, 22, 'ChIJhTC7IiA2XhMRDXXA5keTbkU', 'The Juice Bar', '2022-07-05 10:30:00', 0, 'cafe', 'Tuesday'),
(101, 23, 'ChIJU9iH_p83XhMRvlOk16boN8k', 'Grill house πατρα', '2022-07-02 19:07:00', 0, 'restaurant', 'Saturday'),
(102, 23, 'ChIJ8Uhwphk2XhMR0eyLMUIgSEk', 'Piraeus Bank', '2022-07-13 10:49:00', 0, 'bank', 'Wednesday'),
(103, 23, 'ChIJhTC7IiA2XhMRDXXA5keTbkU', 'The Juice Bar', '2022-07-13 10:50:00', 0, 'cafe', 'Wednesday'),
(104, 23, 'ChIJAVs4m443XhMRBbxmCCI6f5Y', 'εν σωματι', '2022-07-13 10:54:00', 0, 'Gym', 'Wednesday'),
(105, 23, 'ChIJmxF_PCc2XhMRJpnrz44FtbU', 'Ανδρικόπουλος Super Market', '2022-07-15 17:00:00', 0, 'supermarket', 'Friday'),
(106, 24, 'ChIJReMkcU03XhMRHtlq-RGG_Mc', 'Καφεκοπτείο Μεξικάνος', '2022-07-18 18:30:00', 0, 'Cafe', 'Monday'),
(107, 24, 'ChIJReMkcU03XhMRHtlq-RGG_Mc', 'Καφεκοπτείο Μεξικάνος', '2022-07-18 17:59:00', 0, 'cafe', 'Monday'),
(108, 24, 'ChIJReMkcU03XhMRHtlq-RGG_Mc', 'Καφεκοπτείο Μεξικάνος', '2022-07-18 18:34:00', 0, 'cafe', 'Monday');
COMMIT;

/*!40101 SET CHARACTER_SET_CLIENT=@OLD_CHARACTER_SET_CLIENT */;
/*!40101 SET CHARACTER_SET_RESULTS=@OLD_CHARACTER_SET_RESULTS */;
/*!40101 SET COLLATION_CONNECTION=@OLD_COLLATION_CONNECTION */;
